tic,source,class
7691868,tessv2,RRLYR_CEPH
7898907,tessv2,RRLYR_CEPH
9828388,tessv2,RRLYR_CEPH
10581605,tessv2,RRLYR_CEPH
10759666,added_myself,CONTACT_ROT
10856502,added_myself,CONTACT_ROT
10897110,tessv2,RRLYR_CEPH
10985175,added_myself,INSTRUMENT/JUNK
11124458,added_myself,INSTRUMENT/JUNK
11124594,added_myself,CONTACT_ROT
11348580,added_myself,SOLARLIKE
11354711,added_myself,CONTACT_ROT
11479012,added_myself,INSTRUMENT/JUNK
11485304,added_myself,DSCT_BCEP
11508103,tessv2,RRLYR_CEPH
11587029,added_myself,INSTRUMENT/JUNK
11707257,added_myself,DSCT_BCEP
11794381,added_myself,DSCT_BCEP
11918658,added_myself,CONTACT_ROT
11938914,added_myself,INSTRUMENT/JUNK
11994205,tessv2,RRLYR_CEPH
12149541,tessv2,RRLYR_CEPH
12244808,added_myself,SOLARLIKE
12245937,added_myself,DSCT_BCEP
12501728,added_myself,ECLIPSE
12504476,added_myself,ECLIPSE
12521539,added_myself,CONTACT_ROT
12671735,added_myself,INSTRUMENT/JUNK
12672945,added_myself,ECLIPSE
13124801,added_myself,DSCT_BCEP
13250520,added_myself,CONTACT_ROT
13416020,added_myself,CONTACT_ROT
13420054,added_myself,INSTRUMENT/JUNK
13490703,added_myself,SOLARLIKE
13494140,added_myself,SOLARLIKE
13497481,added_myself,SOLARLIKE
13570336,added_myself,INSTRUMENT/JUNK
13574444,added_myself,INSTRUMENT/JUNK
13658799,added_myself,INSTRUMENT/JUNK
13691988,added_myself,CONTACT_ROT
13798961,added_myself,INSTRUMENT/JUNK
13803994,added_myself,INSTRUMENT/JUNK
13877853,added_myself,SOLARLIKE
13879463,added_myself,CONTACT_ROT
13969008,added_myself,ECLIPSE
13972656,added_myself,SOLARLIKE
13973007,added_myself,CONTACT_ROT
14206846,tessv2,RRLYR_CEPH
14312189,added_myself,ECLIPSE
14312482,added_myself,DSCT_BCEP
14316032,added_myself,ECLIPSE
14317932,added_myself,CONTACT_ROT
14534726,added_myself,INSTRUMENT/JUNK
14539988,added_myself,INSTRUMENT/JUNK
14540215,added_myself,INSTRUMENT/JUNK
14631173,added_myself,CONTACT_ROT
14631897,added_myself,ECLIPSE
14726817,added_myself,INSTRUMENT/JUNK
14906983,added_myself,SOLARLIKE
14907212,added_myself,SOLARLIKE
14949670,added_myself,DSCT_BCEP
14973955,added_myself,INSTRUMENT/JUNK
14978554,added_myself,INSTRUMENT/JUNK
15037635,added_myself,SOLARLIKE
15037792,added_myself,INSTRUMENT/JUNK
15103586,added_myself,CONTACT_ROT
15124839,added_myself,CONTACT_ROT
15127886,added_myself,ECLIPSE
15246650,added_myself,SOLARLIKE
15296627,added_myself,INSTRUMENT/JUNK
15326736,added_myself,INSTRUMENT/JUNK
15391024,added_myself,DSCT_BCEP
15394206,added_myself,CONTACT_ROT
15424197,added_myself,ECLIPSE
15461313,added_myself,INSTRUMENT/JUNK
15792644,added_myself,CONTACT_ROT
15794890,added_myself,INSTRUMENT/JUNK
16113974,added_myself,CONTACT_ROT
16405442,added_myself,INSTRUMENT/JUNK
16407760,added_myself,INSTRUMENT/JUNK
16412776,added_myself,INSTRUMENT/JUNK
16540276,tessv2,RRLYR_CEPH
16541570,added_myself,DSCT_BCEP
16542249,added_myself,SOLARLIKE
16544895,added_myself,DSCT_BCEP
16625644,added_myself,SOLARLIKE
16735261,added_myself,CONTACT_ROT
16741835,added_myself,INSTRUMENT/JUNK
16748234,added_myself,SOLARLIKE
16781456,added_myself,ECLIPSE
16942932,added_myself,SOLARLIKE
17370616,added_myself,DSCT_BCEP
17925349,added_myself,CONTACT_ROT
17999766,added_myself,INSTRUMENT/JUNK
18109220,added_myself,ECLIPSE
20608098,tessv2,RRLYR_CEPH
21018571,training_set_em1,CONTACT_ROT
21031802,training_set_em1,DSCT_BCEP
21123653,training_set_em1,DSCT_BCEP
21125328,tessv2,RRLYR_CEPH
21179365,training_set_em1,GDOR_SPB
21229078,training_set_em1,GDOR_SPB
21229347,added_myself,SOLARLIKE
21277622,added_myself,SOLARLIKE
22127581,tessv2,RRLYR_CEPH
23532972,tessv2,RRLYR_CEPH
25264579,added_myself,SOLARLIKE
25270814,added_myself,ECLIPSE
25339064,added_myself,SOLARLIKE
25346769,added_myself,SOLARLIKE
25402806,added_myself,INSTRUMENT/JUNK
25485950,added_myself,CONTACT_ROT
25634441,added_myself,SOLARLIKE
26412793,added_myself,INSTRUMENT/JUNK
26412815,tessv1,ECLIPSE
26413227,added_myself,INSTRUMENT/JUNK
26413284,tessv1,CONTACT_ROT
26414919,tessv1,DSCT_BCEP
26415382,tessv1,CONTACT_ROT
26416811,tessv1,APERIODIC
26416999,tessv1,DSCT_BCEP
26417170,tessv1,CONTACT_ROT
26417202,tessv1,CONTACT_ROT
26418651,added_myself,CONTACT_ROT
26418690,tessv1,CONTACT_ROT
26418928,tessv1,CONTACT_ROT
26472767,added_myself,INSTRUMENT/JUNK
26473474,added_myself,INSTRUMENT/JUNK
26473669,added_myself,INSTRUMENT/JUNK
26474332,added_myself,INSTRUMENT/JUNK
26474401,tessv1,GDOR_SPB
26488265,added_myself,INSTRUMENT/JUNK
26492600,added_myself,INSTRUMENT/JUNK
26493653,tessv1,CONTACT_ROT
26538996,tessv1,CONTACT_ROT
26540109,tessv1,ECLIPSE
26540667,tessv1,APERIODIC
26540683,added_myself,INSTRUMENT/JUNK
26541623,tessv1,CONTACT_ROT
26541743,tessv1,DSCT_BCEP
26542730,tessv1,ECLIPSE
26545686,added_myself,INSTRUMENT/JUNK
26581700,added_myself,SOLARLIKE
26581908,tessv1,APERIODIC
26583886,added_myself,INSTRUMENT/JUNK
26584043,tessv1,CONTACT_ROT
26585042,tessv1,CONTACT_ROT
26596620,tessv1,APERIODIC
26596762,tessv1,DSCT_BCEP
26597768,tessv1,APERIODIC
26598055,added_myself,INSTRUMENT/JUNK
26656583,tessv1,ECLIPSE
26656752,tessv1,GDOR_SPB
26656764,tessv1,CONTACT_ROT
26656834,added_myself,INSTRUMENT/JUNK
26656909,tessv1,APERIODIC
26657044,tessv1,CONTACT_ROT
26657632,added_myself,INSTRUMENT/JUNK
26658250,tessv2,RRLYR_CEPH
26664518,added_myself,SOLARLIKE
26666696,added_myself,INSTRUMENT/JUNK
26748301,tessv1,CONTACT_ROT
26748388,tessv1,GDOR_SPB
26748660,added_myself,INSTRUMENT/JUNK
26749728,tessv1,CONTACT_ROT
26750156,tessv1,CONTACT_ROT
26752320,tessv1,APERIODIC
26752431,tessv1,SOLARLIKE
26752496,added_myself,INSTRUMENT/JUNK
26752826,tessv1,DSCT_BCEP
26810535,added_myself,INSTRUMENT/JUNK
26811497,added_myself,SOLARLIKE
26811827,added_myself,INSTRUMENT/JUNK
26814392,tessv1,CONTACT_ROT
26815338,tessv1,CONTACT_ROT
26815529,tessv1,GDOR_SPB
26816524,tessv1,GDOR_SPB
26816693,tessv1,DSCT_BCEP
26817200,tessv1,APERIODIC
26818007,tessv1,APERIODIC
26818025,tessv1,SOLARLIKE
26818398,added_myself,INSTRUMENT/JUNK
26879163,added_myself,CONTACT_ROT
26884370,added_myself,INSTRUMENT/JUNK
26885166,added_myself,INSTRUMENT/JUNK
26885617,tessv1,CONTACT_ROT
26885639,added_myself,INSTRUMENT/JUNK
26885854,tessv1,GDOR_SPB
26886095,added_myself,INSTRUMENT/JUNK
26887731,added_myself,INSTRUMENT/JUNK
26960175,tessv1,SOLARLIKE
26960328,added_myself,CONTACT_ROT
26960433,tessv1,GDOR_SPB
26960609,tessv1,GDOR_SPB
26960731,tessv1,CONTACT_ROT
26960990,tessv1,APERIODIC
26961025,tessv1,APERIODIC
26961156,tessv1,SOLARLIKE
26961456,tessv1,SOLARLIKE
26961747,tessv1,APERIODIC
26962050,tessv1,CONTACT_ROT
26964135,tessv1,APERIODIC
26964718,added_myself,INSTRUMENT/JUNK
26964775,added_myself,INSTRUMENT/JUNK
26970468,added_myself,CONTACT_ROT
27006188,added_myself,INSTRUMENT/JUNK
27006215,tessv1,APERIODIC
27006284,tessv1,ECLIPSE
27006864,added_myself,ECLIPSE
27006880,tessv1,ECLIPSE
27007237,tessv1,CONTACT_ROT
27010220,tessv1,ECLIPSE
27010891,tessv1,APERIODIC
27012451,added_myself,INSTRUMENT/JUNK
27013589,tessv1,DSCT_BCEP
27013969,tessv1,CONTACT_ROT
27014101,added_myself,INSTRUMENT/JUNK
27014615,tessv1,CONTACT_ROT
27081748,tessv1,ECLIPSE
27082324,tessv1,ECLIPSE
27082546,added_myself,INSTRUMENT/JUNK
27083645,added_myself,INSTRUMENT/JUNK
27084126,added_myself,INSTRUMENT/JUNK
27182998,added_myself,SOLARLIKE
27183012,added_myself,SOLARLIKE
27183599,tessv1,GDOR_SPB
27183754,tessv1,CONTACT_ROT
27186402,added_myself,INSTRUMENT/JUNK
27186791,tessv1,CONTACT_ROT
27187224,added_myself,INSTRUMENT/JUNK
27187949,added_myself,INSTRUMENT/JUNK
27188070,tessv1,APERIODIC
27188977,added_myself,INSTRUMENT/JUNK
27189951,added_myself,INSTRUMENT/JUNK
27227596,added_myself,SOLARLIKE
27229732,added_myself,INSTRUMENT/JUNK
27231993,tessv1,DSCT_BCEP
27233374,tessv1,APERIODIC
27234325,tessv1,CONTACT_ROT
27234471,tessv1,ECLIPSE
27234952,tessv1,GDOR_SPB
27235037,tessv1,DSCT_BCEP
27235862,added_myself,INSTRUMENT/JUNK
27235880,tessv1,SOLARLIKE
27236076,tessv1,GDOR_SPB
27238348,added_myself,SOLARLIKE
27238819,tessv1,CONTACT_ROT
27239060,tessv1,DSCT_BCEP
27239591,added_myself,INSTRUMENT/JUNK
27239847,added_myself,INSTRUMENT/JUNK
27240103,added_myself,INSTRUMENT/JUNK
27240180,added_myself,INSTRUMENT/JUNK
27240276,added_myself,INSTRUMENT/JUNK
27240318,tessv1,GDOR_SPB
27307738,added_myself,INSTRUMENT/JUNK
27307747,added_myself,INSTRUMENT/JUNK
27308056,tessv1,DSCT_BCEP
27308254,tessv1,ECLIPSE
27308372,tessv1,CONTACT_ROT
27308818,tessv1,CONTACT_ROT
27309163,added_myself,INSTRUMENT/JUNK
27309239,tessv1,DSCT_BCEP
27309437,tessv1,SOLARLIKE
27309476,added_myself,INSTRUMENT/JUNK
27309495,added_myself,INSTRUMENT/JUNK
27312260,added_myself,SOLARLIKE
27312264,added_myself,SOLARLIKE
27312871,added_myself,INSTRUMENT/JUNK
27317485,added_myself,SOLARLIKE
27388957,tessv1,SOLARLIKE
27389070,tessv1,GDOR_SPB
27390263,added_myself,INSTRUMENT/JUNK
27390436,added_myself,INSTRUMENT/JUNK
27390483,added_myself,INSTRUMENT/JUNK
27390740,tessv1,CONTACT_ROT
27391113,tessv1,CONTACT_ROT
27391284,tessv1,ECLIPSE
27391815,tessv1,GDOR_SPB
27392076,tessv1,DSCT_BCEP
27392497,added_myself,INSTRUMENT/JUNK
27393686,added_myself,INSTRUMENT/JUNK
27394171,added_myself,INSTRUMENT/JUNK
27394445,added_myself,SOLARLIKE
27394471,added_myself,INSTRUMENT/JUNK
27394621,added_myself,INSTRUMENT/JUNK
27394769,tessv1,CONTACT_ROT
27394788,tessv1,CONTACT_ROT
27395625,tessv1,GDOR_SPB
27395758,tessv1,ECLIPSE
27395800,tessv1,GDOR_SPB
27395961,added_myself,INSTRUMENT/JUNK
27396935,tessv1,DSCT_BCEP
27397023,added_myself,INSTRUMENT/JUNK
27397174,added_myself,INSTRUMENT/JUNK
27397641,tessv1,CONTACT_ROT
27397998,tessv1,GDOR_SPB
27398219,tessv1,CONTACT_ROT
27398351,tessv1,APERIODIC
27400916,added_myself,SOLARLIKE
27455104,tessv1,DSCT_BCEP
27455604,added_myself,CONTACT_ROT
27456303,tessv1,APERIODIC
27456360,tessv1,GDOR_SPB
27456464,tessv1,CONTACT_ROT
27456618,added_myself,INSTRUMENT/JUNK
27456789,tessv1,CONTACT_ROT
27457833,added_myself,INSTRUMENT/JUNK
27457853,added_myself,INSTRUMENT/JUNK
27458175,added_myself,INSTRUMENT/JUNK
27458214,tessv1,GDOR_SPB
27458328,tessv1,DSCT_BCEP
27458833,added_myself,INSTRUMENT/JUNK
27460001,added_myself,INSTRUMENT/JUNK
27530540,added_myself,INSTRUMENT/JUNK
27530931,tessv1,ECLIPSE
27531336,added_myself,INSTRUMENT/JUNK
27531506,tessv1,CONTACT_ROT
27532447,tessv1,SOLARLIKE
27532997,added_myself,SOLARLIKE
27533175,added_myself,INSTRUMENT/JUNK
27533221,tessv1,DSCT_BCEP
27533867,added_myself,INSTRUMENT/JUNK
27534192,added_myself,INSTRUMENT/JUNK
27534294,tessv1,DSCT_BCEP
27639466,tessv1,CONTACT_ROT
27639506,added_myself,INSTRUMENT/JUNK
27639785,added_myself,INSTRUMENT/JUNK
27639867,tessv1,APERIODIC
27640439,tessv1,GDOR_SPB
27640896,tessv1,SOLARLIKE
27640946,added_myself,INSTRUMENT/JUNK
27641822,tessv1,DSCT_BCEP
27641829,tessv1,DSCT_BCEP
27642083,added_myself,INSTRUMENT/JUNK
27642226,tessv1,CONTACT_ROT
27642344,added_myself,INSTRUMENT/JUNK
27643191,tessv1,SOLARLIKE
27643535,added_myself,INSTRUMENT/JUNK
27643613,tessv1,CONTACT_ROT
27643861,tessv1,GDOR_SPB
27644083,added_myself,INSTRUMENT/JUNK
27644258,added_myself,CONTACT_ROT
27645337,tessv1,CONTACT_ROT
27645412,tessv1,CONTACT_ROT
27647289,tessv1,CONTACT_ROT
27647401,added_myself,INSTRUMENT/JUNK
27647953,tessv1,ECLIPSE
27648080,added_myself,INSTRUMENT/JUNK
27648240,added_myself,INSTRUMENT/JUNK
27648275,added_myself,INSTRUMENT/JUNK
27649257,added_myself,INSTRUMENT/JUNK
27649338,tessv1,GDOR_SPB
27685110,tessv1,DSCT_BCEP
27685148,added_myself,SOLARLIKE
27685150,added_myself,SOLARLIKE
27685177,added_myself,INSTRUMENT/JUNK
27685925,added_myself,SOLARLIKE
27686608,added_myself,INSTRUMENT/JUNK
27687095,tessv1,APERIODIC
27687103,added_myself,INSTRUMENT/JUNK
27694250,added_myself,INSTRUMENT/JUNK
27695013,tessv1,DSCT_BCEP
27695034,added_myself,SOLARLIKE
27695314,added_myself,INSTRUMENT/JUNK
27695465,added_myself,INSTRUMENT/JUNK
27695618,added_myself,CONTACT_ROT
27696215,tessv1,CONTACT_ROT
27731228,added_myself,ECLIPSE
27766659,added_myself,INSTRUMENT/JUNK
27766676,tessv1,ECLIPSE
27766762,added_myself,INSTRUMENT/JUNK
27766776,added_myself,INSTRUMENT/JUNK
27767078,added_myself,INSTRUMENT/JUNK
27767184,tessv1,ECLIPSE
27767306,tessv1,DSCT_BCEP
27767544,tessv1,DSCT_BCEP
27768052,added_myself,INSTRUMENT/JUNK
27768381,tessv1,DSCT_BCEP
27768398,tessv1,GDOR_SPB
27768435,tessv1,DSCT_BCEP
27769923,tessv1,APERIODIC
27770269,tessv1,ECLIPSE
27771077,added_myself,INSTRUMENT/JUNK
27771987,added_myself,INSTRUMENT/JUNK
27776385,tessv1,ECLIPSE
27776524,tessv1,GDOR_SPB
27776818,tessv1,DSCT_BCEP
27777298,added_myself,INSTRUMENT/JUNK
27777379,tessv1,DSCT_BCEP
27777459,added_myself,INSTRUMENT/JUNK
27777576,added_myself,INSTRUMENT/JUNK
27777860,tessv1,CONTACT_ROT
27778209,added_myself,INSTRUMENT/JUNK
27778213,tessv1,CONTACT_ROT
27778224,tessv1,ECLIPSE
27778693,tessv1,DSCT_BCEP
27779164,added_myself,INSTRUMENT/JUNK
27784240,added_myself,INSTRUMENT/JUNK
27785042,added_myself,INSTRUMENT/JUNK
27843762,added_myself,SOLARLIKE
27843942,tessv1,ECLIPSE
27844066,tessv1,ECLIPSE
27844390,tessv1,CONTACT_ROT
27844498,tessv1,ECLIPSE
27845281,tessv1,CONTACT_ROT
27845494,added_myself,INSTRUMENT/JUNK
27845495,added_myself,INSTRUMENT/JUNK
27845677,tessv1,ECLIPSE
27846233,tessv1,DSCT_BCEP
27846251,added_myself,INSTRUMENT/JUNK
27846290,tessv1,DSCT_BCEP
27846666,tessv1,CONTACT_ROT
27847454,tessv1,CONTACT_ROT
27847920,tessv1,GDOR_SPB
27890854,added_myself,SOLARLIKE
27904150,tessv1,ECLIPSE
27905417,added_myself,INSTRUMENT/JUNK
27910780,added_myself,INSTRUMENT/JUNK
27911411,added_myself,INSTRUMENT/JUNK
27911725,tessv1,DSCT_BCEP
27911979,tessv1,CONTACT_ROT
27912333,added_myself,INSTRUMENT/JUNK
27912375,tessv1,DSCT_BCEP
27912896,tessv1,DSCT_BCEP
27912920,tessv1,DSCT_BCEP
27913174,added_myself,INSTRUMENT/JUNK
27914890,tessv1,CONTACT_ROT
27915323,tessv2,RRLYR_CEPH
27915909,tessv1,ECLIPSE
27987781,tessv1,GDOR_SPB
27988341,tessv1,GDOR_SPB
27988443,added_myself,INSTRUMENT/JUNK
27990159,tessv1,SOLARLIKE
27991072,tessv1,ECLIPSE
27991164,added_myself,SOLARLIKE
27991843,tessv1,ECLIPSE
27992231,tessv1,CONTACT_ROT
27992293,tessv1,CONTACT_ROT
27993670,tessv1,GDOR_SPB
27997434,added_myself,INSTRUMENT/JUNK
27999023,added_myself,DSCT_BCEP
28080750,added_myself,INSTRUMENT/JUNK
28083017,tessv1,SOLARLIKE
28083382,added_myself,INSTRUMENT/JUNK
28083619,added_myself,INSTRUMENT/JUNK
28085125,added_myself,INSTRUMENT/JUNK
28085220,tessv1,GDOR_SPB
28085296,tessv1,GDOR_SPB
28085803,added_myself,INSTRUMENT/JUNK
28085868,tessv1,DSCT_BCEP
28087022,added_myself,INSTRUMENT/JUNK
28088462,added_myself,INSTRUMENT/JUNK
28091062,tessv1,DSCT_BCEP
28158722,added_myself,INSTRUMENT/JUNK
28159019,tessv1,ECLIPSE
28159482,tessv1,GDOR_SPB
28160087,added_myself,INSTRUMENT/JUNK
28164741,added_myself,SOLARLIKE
28167632,added_myself,SOLARLIKE
28226273,tessv1,ECLIPSE
28226363,tessv1,GDOR_SPB
28226425,tessv1,SOLARLIKE
28226431,added_myself,SOLARLIKE
28226642,tessv1,APERIODIC
28227336,tessv1,GDOR_SPB
28227489,tessv1,GDOR_SPB
28228946,tessv1,CONTACT_ROT
28229306,added_myself,SOLARLIKE
28230433,tessv1,GDOR_SPB
28233428,added_myself,INSTRUMENT/JUNK
28233684,tessv1,CONTACT_ROT
28233751,added_myself,INSTRUMENT/JUNK
28234214,added_myself,SOLARLIKE
28236443,added_myself,ECLIPSE
28237417,added_myself,INSTRUMENT/JUNK
28305583,added_myself,SOLARLIKE
28306222,added_myself,SOLARLIKE
28306907,tessv1,CONTACT_ROT
28307185,added_myself,INSTRUMENT/JUNK
28307308,tessv1,APERIODIC
28307374,tessv1,CONTACT_ROT
28308507,tessv1,CONTACT_ROT
28308520,added_myself,INSTRUMENT/JUNK
28308753,added_myself,INSTRUMENT/JUNK
28308828,added_myself,INSTRUMENT/JUNK
28356213,tessv1,CONTACT_ROT
28356403,tessv1,GDOR_SPB
28356739,added_myself,DSCT_BCEP
28357285,tessv1,ECLIPSE
28357708,tessv1,CONTACT_ROT
28359740,added_myself,DSCT_BCEP
28359831,tessv1,CONTACT_ROT
28362166,tessv1,GDOR_SPB
28362285,tessv1,CONTACT_ROT
28362690,tessv1,GDOR_SPB
28441647,added_myself,CONTACT_ROT
28441784,added_myself,SOLARLIKE
28444718,added_myself,INSTRUMENT/JUNK
28449128,added_myself,INSTRUMENT/JUNK
28449159,added_myself,INSTRUMENT/JUNK
28449295,tessv1,ECLIPSE
28449761,tessv1,SOLARLIKE
28450292,tessv1,ECLIPSE
29973650,tessv2,RRLYR_CEPH
39894585,tessv2,RRLYR_CEPH
39964832,added_myself,CONTACT_ROT
39967120,added_myself,DSCT_BCEP
40040335,added_myself,INSTRUMENT/JUNK
40213485,added_myself,INSTRUMENT/JUNK
40214956,added_myself,ECLIPSE
40221280,added_myself,SOLARLIKE
40222634,added_myself,INSTRUMENT/JUNK
40358618,added_myself,ECLIPSE
40375527,added_myself,INSTRUMENT/JUNK
40726362,added_myself,INSTRUMENT/JUNK
40827873,added_myself,DSCT_BCEP
40830749,added_myself,CONTACT_ROT
41079393,added_myself,DSCT_BCEP
41447401,added_myself,CONTACT_ROT
41448772,added_myself,DSCT_BCEP
41538358,added_myself,DSCT_BCEP
41546397,tessv2,RRLYR_CEPH
41549062,added_myself,ECLIPSE
41681310,added_myself,DSCT_BCEP
41767300,added_myself,CONTACT_ROT
41997870,added_myself,DSCT_BCEP
41999412,added_myself,INSTRUMENT/JUNK
42005068,added_myself,INSTRUMENT/JUNK
42005643,added_myself,DSCT_BCEP
42254555,added_myself,INSTRUMENT/JUNK
42362686,tessv2,RRLYR_CEPH
42484844,added_myself,ECLIPSE
42835935,added_myself,ECLIPSE
42844889,added_myself,DSCT_BCEP
42942286,added_myself,ECLIPSE
43058733,added_myself,INSTRUMENT/JUNK
43197128,added_myself,CONTACT_ROT
43306120,added_myself,CONTACT_ROT
43311720,added_myself,CONTACT_ROT
43650992,added_myself,ECLIPSE
43657802,added_myself,INSTRUMENT/JUNK
43775708,added_myself,CONTACT_ROT
43780200,added_myself,SOLARLIKE
43789275,tessv2,RRLYR_CEPH
43881045,added_myself,DSCT_BCEP
43906823,tessv2,RRLYR_CEPH
47624307,training_set_em1,GDOR_SPB
47624602,training_set_em1,DSCT_BCEP
47625698,training_set_em1,DSCT_BCEP
47670626,training_set_em1,DSCT_BCEP
47729425,added_myself,SOLARLIKE
47734464,training_set_em1,DSCT_BCEP
47757957,added_myself,SOLARLIKE
47761949,added_myself,SOLARLIKE
47818858,training_set_em1,GDOR_SPB
47875271,training_set_em1,DSCT_BCEP
47875757,training_set_em1,DSCT_BCEP
47875843,added_myself,CONTACT_ROT
47932789,training_set_em1,GDOR_SPB
47933291,training_set_em1,GDOR_SPB
47933546,training_set_em1,GDOR_SPB
47937457,tessv1,APERIODIC
47974951,added_myself,INSTRUMENT/JUNK
47976947,tessv1,DSCT_BCEP
47977037,tessv1,SOLARLIKE
47977314,added_myself,INSTRUMENT/JUNK
47977481,tessv1,SOLARLIKE
47977528,added_myself,INSTRUMENT/JUNK
47977957,added_myself,CONTACT_ROT
48020087,added_myself,CONTACT_ROT
48020235,training_set_em1,DSCT_BCEP
48030563,added_myself,INSTRUMENT/JUNK
48030646,added_myself,INSTRUMENT/JUNK
48031736,added_myself,INSTRUMENT/JUNK
48084407,added_myself,ECLIPSE
48092140,tessv1,CONTACT_ROT
48131406,added_myself,INSTRUMENT/JUNK
48132045,tessv1,APERIODIC
48135956,training_set_em1,DSCT_BCEP
48138746,tessv2,RRLYR_CEPH
48188415,tessv1,APERIODIC
48188899,tessv1,DSCT_BCEP
48189126,tessv1,CONTACT_ROT
48189849,added_myself,INSTRUMENT/JUNK
48193235,training_set_em1,GDOR_SPB
48216159,tessv1,APERIODIC
48216569,added_myself,INSTRUMENT/JUNK
48216671,added_myself,INSTRUMENT/JUNK
48217145,tessv1,DSCT_BCEP
48217244,added_myself,INSTRUMENT/JUNK
48217288,tessv1,APERIODIC
48217895,added_myself,INSTRUMENT/JUNK
48304492,added_myself,INSTRUMENT/JUNK
48305525,tessv1,GDOR_SPB
48305607,tessv1,SOLARLIKE
48307317,added_myself,CONTACT_ROT
48308377,added_myself,SOLARLIKE
48309840,training_set_em1,GDOR_SPB
48352051,added_myself,CONTACT_ROT
48352254,added_myself,DSCT_BCEP
48352519,tessv1,CONTACT_ROT
48353598,tessv1,APERIODIC
48354105,added_myself,INSTRUMENT/JUNK
48354181,tessv1,CONTACT_ROT
48354235,added_myself,INSTRUMENT/JUNK
48355111,tessv1,SOLARLIKE
48419079,added_myself,INSTRUMENT/JUNK
48420131,added_myself,INSTRUMENT/JUNK
48420344,added_myself,INSTRUMENT/JUNK
48420993,added_myself,INSTRUMENT/JUNK
48421264,tessv1,CONTACT_ROT
48421497,tessv1,CONTACT_ROT
48421539,added_myself,INSTRUMENT/JUNK
48421703,added_myself,INSTRUMENT/JUNK
48421881,tessv1,SOLARLIKE
48448163,added_myself,INSTRUMENT/JUNK
48448209,added_myself,INSTRUMENT/JUNK
48448498,added_myself,INSTRUMENT/JUNK
48450186,tessv1,CONTACT_ROT
48450203,tessv1,CONTACT_ROT
48450654,added_myself,INSTRUMENT/JUNK
48450865,added_myself,INSTRUMENT/JUNK
48451687,added_myself,INSTRUMENT/JUNK
48451718,tessv1,CONTACT_ROT
48451854,added_myself,INSTRUMENT/JUNK
48499148,added_myself,SOLARLIKE
48499237,added_myself,ECLIPSE
48500835,training_set_em1,GDOR_SPB
48501006,training_set_em1,DSCT_BCEP
48503940,added_myself,INSTRUMENT/JUNK
48504285,added_myself,INSTRUMENT/JUNK
48504566,added_myself,INSTRUMENT/JUNK
48505311,tessv1,GDOR_SPB
48505344,tessv1,CONTACT_ROT
48505564,added_myself,INSTRUMENT/JUNK
48506689,tessv1,RRLYR_CEPH
48507019,tessv1,ECLIPSE
48528176,tessv1,CONTACT_ROT
48528720,tessv1,RRLYR_CEPH
53614975,added_myself,INSTRUMENT/JUNK
55724392,added_myself,INSTRUMENT/JUNK
55752995,added_myself,ECLIPSE
55761670,added_myself,SOLARLIKE
55763052,added_myself,INSTRUMENT/JUNK
57593719,tessv2,RRLYR_CEPH
62240130,added_myself,ECLIPSE
62514024,added_myself,DSCT_BCEP
62514871,added_myself,CONTACT_ROT
62770229,tessv2,RRLYR_CEPH
62869847,added_myself,INSTRUMENT/JUNK
62874720,tessv2,RRLYR_CEPH
62916522,tessv1,DSCT_BCEP
62916820,tessv1,APERIODIC
62916842,tessv1,DSCT_BCEP
62917470,added_myself,INSTRUMENT/JUNK
62962819,tessv2,RRLYR_CEPH
63001248,tessv1,ECLIPSE
63001337,added_myself,INSTRUMENT/JUNK
63001484,tessv1,CONTACT_ROT
63001919,tessv1,DSCT_BCEP
63001962,tessv1,DSCT_BCEP
63004329,tessv1,ECLIPSE
63004727,tessv1,APERIODIC
63004979,tessv1,APERIODIC
63005531,tessv1,APERIODIC
63005742,tessv1,DSCT_BCEP
63006029,tessv1,DSCT_BCEP
63006369,tessv1,DSCT_BCEP
63006424,tessv1,GDOR_SPB
63006692,tessv1,APERIODIC
63006717,tessv1,DSCT_BCEP
63007067,tessv1,ECLIPSE
63007353,tessv1,DSCT_BCEP
63008713,added_myself,INSTRUMENT/JUNK
63009212,tessv1,DSCT_BCEP
63009597,tessv1,ECLIPSE
63063516,tessv2,RRLYR_CEPH
63067803,added_myself,INSTRUMENT/JUNK
63068133,tessv1,CONTACT_ROT
63069279,tessv1,APERIODIC
63070019,tessv1,GDOR_SPB
63070708,added_myself,SOLARLIKE
63070887,tessv1,CONTACT_ROT
63070960,added_myself,ECLIPSE
63071112,tessv1,CONTACT_ROT
63071165,tessv1,ECLIPSE
63072477,tessv1,APERIODIC
63072602,tessv1,CONTACT_ROT
63073409,added_myself,SOLARLIKE
63074282,tessv1,ECLIPSE
63074339,tessv1,APERIODIC
63075383,tessv1,GDOR_SPB
63076369,tessv1,ECLIPSE
63121703,tessv1,ECLIPSE
63121842,tessv1,APERIODIC
63121862,tessv1,ECLIPSE
63123041,tessv1,APERIODIC
63123885,tessv1,APERIODIC
63123942,tessv1,CONTACT_ROT
63124263,tessv1,APERIODIC
63125606,tessv1,GDOR_SPB
63126102,tessv1,ECLIPSE
63126468,added_myself,INSTRUMENT/JUNK
63126905,tessv1,DSCT_BCEP
63126947,tessv1,DSCT_BCEP
63126950,tessv1,ECLIPSE
63127104,tessv1,GDOR_SPB
63128356,added_myself,DSCT_BCEP
63129522,tessv1,DSCT_BCEP
63130952,tessv1,DSCT_BCEP
63165216,added_myself,DSCT_BCEP
63203619,tessv1,ECLIPSE
63204194,tessv1,GDOR_SPB
63204246,tessv1,CONTACT_ROT
63204673,tessv1,CONTACT_ROT
63204706,tessv1,CONTACT_ROT
63204858,tessv1,ECLIPSE
63205800,tessv1,CONTACT_ROT
63206269,tessv1,DSCT_BCEP
63206527,tessv1,APERIODIC
63208556,tessv2,RRLYR_CEPH
63208932,tessv1,SOLARLIKE
63209649,tessv1,ECLIPSE
63210000,tessv1,CONTACT_ROT
63212858,tessv1,SOLARLIKE
63213043,tessv1,GDOR_SPB
63213264,tessv1,ECLIPSE
63282381,tessv1,DSCT_BCEP
63282575,tessv1,CONTACT_ROT
63283032,tessv1,GDOR_SPB
63283398,added_myself,INSTRUMENT/JUNK
63285601,tessv1,APERIODIC
63285672,tessv1,CONTACT_ROT
63286203,added_myself,INSTRUMENT/JUNK
63286594,tessv1,CONTACT_ROT
63287658,added_myself,INSTRUMENT/JUNK
63289496,tessv1,CONTACT_ROT
63289629,tessv1,ECLIPSE
63289912,tessv1,DSCT_BCEP
63290037,tessv1,DSCT_BCEP
63290721,added_myself,SOLARLIKE
63291061,added_myself,ECLIPSE
63291372,tessv1,DSCT_BCEP
63291671,tessv1,ECLIPSE
63291675,tessv1,ECLIPSE
63292596,tessv1,ECLIPSE
63293567,tessv1,CONTACT_ROT
63293587,tessv1,DSCT_BCEP
63293754,tessv1,CONTACT_ROT
63293883,added_myself,SOLARLIKE
63294082,tessv1,CONTACT_ROT
63294105,tessv1,DSCT_BCEP
63363152,tessv1,DSCT_BCEP
63363732,tessv1,DSCT_BCEP
63363780,added_myself,CONTACT_ROT
63363922,tessv1,CONTACT_ROT
63365673,tessv1,APERIODIC
63366279,added_myself,SOLARLIKE
63367318,added_myself,SOLARLIKE
63367832,added_myself,INSTRUMENT/JUNK
63368466,tessv1,GDOR_SPB
63368922,tessv1,ECLIPSE
63370066,tessv1,ECLIPSE
63371156,tessv1,DSCT_BCEP
63371358,tessv1,GDOR_SPB
63371382,tessv1,APERIODIC
63372949,added_myself,SOLARLIKE
63373061,tessv1,GDOR_SPB
63373242,added_myself,INSTRUMENT/JUNK
63373613,tessv1,CONTACT_ROT
63373772,tessv1,DSCT_BCEP
63373909,tessv1,DSCT_BCEP
63449090,tessv1,ECLIPSE
63451825,tessv1,ECLIPSE
63452013,tessv1,SOLARLIKE
63452222,added_myself,SOLARLIKE
63452584,tessv1,APERIODIC
63452781,tessv1,CONTACT_ROT
63453133,added_myself,SOLARLIKE
63453311,added_myself,CONTACT_ROT
63453461,tessv1,DSCT_BCEP
63454855,tessv1,DSCT_BCEP
63457440,added_myself,SOLARLIKE
63458827,added_myself,ECLIPSE
63659808,added_myself,SOLARLIKE
63711350,tessv2,RRLYR_CEPH
63981387,tessv2,RRLYR_CEPH
64047502,added_myself,SOLARLIKE
64104494,added_myself,ECLIPSE
64225446,added_myself,INSTRUMENT/JUNK
64308923,added_myself,CONTACT_ROT
64309551,added_myself,INSTRUMENT/JUNK
64396172,added_myself,INSTRUMENT/JUNK
64398044,added_myself,ECLIPSE
64581440,added_myself,DSCT_BCEP
64585485,tessv2,RRLYR_CEPH
64673667,added_myself,CONTACT_ROT
64673849,added_myself,CONTACT_ROT
64674574,tessv2,RRLYR_CEPH
64703047,added_myself,ECLIPSE
64794161,added_myself,INSTRUMENT/JUNK
64921543,added_myself,INSTRUMENT/JUNK
64936959,added_myself,CONTACT_ROT
65614808,added_myself,DSCT_BCEP
65616649,added_myself,ECLIPSE
65856665,added_myself,ECLIPSE
65927269,added_myself,CONTACT_ROT
65939919,added_myself,INSTRUMENT/JUNK
66147547,added_myself,DSCT_BCEP
66281852,added_myself,ECLIPSE
66363539,added_myself,INSTRUMENT/JUNK
66367459,added_myself,INSTRUMENT/JUNK
66369147,added_myself,INSTRUMENT/JUNK
66807332,added_myself,ECLIPSE
66810695,added_myself,DSCT_BCEP
66811875,added_myself,DSCT_BCEP
67116472,added_myself,CONTACT_ROT
67435461,added_myself,ECLIPSE
68554174,tessv2,RRLYR_CEPH
69459573,tessv2,RRLYR_CEPH
70245466,tessv2,RRLYR_CEPH
70401436,tessv2,RRLYR_CEPH
75655570,tessv2,RRLYR_CEPH
75835508,tessv2,RRLYR_CEPH
75961510,tessv2,RRLYR_CEPH
76305643,tessv2,RRLYR_CEPH
76623191,added_myself,INSTRUMENT/JUNK
76686721,added_myself,DSCT_BCEP
76696256,added_myself,ECLIPSE
82347932,tessv2,RRLYR_CEPH
84018759,added_myself,INSTRUMENT/JUNK
84070123,added_myself,ECLIPSE
84070145,added_myself,SOLARLIKE
84113361,tessv2,RRLYR_CEPH
84239177,added_myself,INSTRUMENT/JUNK
84313030,added_myself,INSTRUMENT/JUNK
85415277,added_myself,INSTRUMENT/JUNK
85500675,added_myself,CONTACT_ROT
85516380,tessv2,RRLYR_CEPH
86550443,tessv2,RRLYR_CEPH
87313082,tessv2,RRLYR_CEPH
89122661,added_myself,DSCT_BCEP
89639351,tessv2,RRLYR_CEPH
89758732,added_myself,DSCT_BCEP
90335943,added_myself,DSCT_BCEP
90349517,added_myself,ECLIPSE
90462959,added_myself,SOLARLIKE
90471466,added_myself,INSTRUMENT/JUNK
91111729,added_myself,ECLIPSE
91460548,tessv2,RRLYR_CEPH
91569685,added_myself,ECLIPSE
91934320,added_myself,CONTACT_ROT
91939077,added_myself,INSTRUMENT/JUNK
91943530,added_myself,DSCT_BCEP
92052236,added_myself,INSTRUMENT/JUNK
92054050,added_myself,ECLIPSE
92206248,added_myself,CONTACT_ROT
92428258,added_myself,DSCT_BCEP
92645571,tessv2,RRLYR_CEPH
92645702,added_myself,CONTACT_ROT
98361278,added_myself,DSCT_BCEP
98653200,added_myself,INSTRUMENT/JUNK
99018172,added_myself,DSCT_BCEP
99407702,added_myself,CONTACT_ROT
99479692,added_myself,ECLIPSE
99605017,added_myself,INSTRUMENT/JUNK
99897668,added_myself,DSCT_BCEP
99920817,added_myself,DSCT_BCEP
99937813,added_myself,INSTRUMENT/JUNK
99971561,added_myself,INSTRUMENT/JUNK
99985651,added_myself,INSTRUMENT/JUNK
99988248,added_myself,INSTRUMENT/JUNK
100010905,added_myself,INSTRUMENT/JUNK
100012217,added_myself,INSTRUMENT/JUNK
100013015,added_myself,INSTRUMENT/JUNK
100088587,added_myself,INSTRUMENT/JUNK
100160471,added_myself,INSTRUMENT/JUNK
100168222,added_myself,CONTACT_ROT
100168660,added_myself,INSTRUMENT/JUNK
102597455,tessv2,RRLYR_CEPH
102735626,tessv2,RRLYR_CEPH
103504453,added_myself,CONTACT_ROT
103990685,tessv2,RRLYR_CEPH
104447016,tessv2,RRLYR_CEPH
104907167,added_myself,CONTACT_ROT
104914249,added_myself,ECLIPSE
105006926,added_myself,ECLIPSE
105529076,added_myself,ECLIPSE
105625249,added_myself,DSCT_BCEP
105629658,added_myself,ECLIPSE
106222137,tessv2,RRLYR_CEPH
106224307,added_myself,INSTRUMENT/JUNK
106232286,added_myself,INSTRUMENT/JUNK
106232676,added_myself,INSTRUMENT/JUNK
111443222,tessv2,RRLYR_CEPH
115877231,tessv2,RRLYR_CEPH
115920184,added_myself,INSTRUMENT/JUNK
116635939,added_myself,DSCT_BCEP
116727999,added_myself,INSTRUMENT/JUNK
116733405,added_myself,SOLARLIKE
116812037,added_myself,INSTRUMENT/JUNK
116973301,added_myself,SOLARLIKE
116976485,added_myself,ECLIPSE
116982128,added_myself,INSTRUMENT/JUNK
117070648,added_myself,DSCT_BCEP
117070714,added_myself,INSTRUMENT/JUNK
117073892,added_myself,DSCT_BCEP
117224640,added_myself,SOLARLIKE
117442039,added_myself,INSTRUMENT/JUNK
117445211,added_myself,ECLIPSE
117634106,added_myself,DSCT_BCEP
117638854,tessv2,RRLYR_CEPH
120256994,added_myself,INSTRUMENT/JUNK
120314772,tessv1,APERIODIC
120314833,tessv1,SOLARLIKE
120315065,tessv1,APERIODIC
120315078,tessv1,ECLIPSE
120315096,tessv1,APERIODIC
120355240,tessv1,APERIODIC
120355273,added_myself,INSTRUMENT/JUNK
120355363,added_myself,INSTRUMENT/JUNK
120361450,tessv2,RRLYR_CEPH
120365782,tessv1,GDOR_SPB
120417099,added_myself,INSTRUMENT/JUNK
120417246,tessv1,DSCT_BCEP
120424486,tessv1,ECLIPSE
120424571,added_myself,INSTRUMENT/JUNK
120425098,tessv1,ECLIPSE
120498386,tessv1,APERIODIC
120498891,added_myself,INSTRUMENT/JUNK
120499322,tessv1,APERIODIC
120499528,tessv1,CONTACT_ROT
120499724,tessv1,ECLIPSE
120499949,tessv1,GDOR_SPB
120571258,tessv1,APERIODIC
120571705,tessv1,GDOR_SPB
120572314,tessv1,APERIODIC
120572362,added_myself,INSTRUMENT/JUNK
120572604,tessv1,APERIODIC
120573546,tessv1,SOLARLIKE
120627477,tessv1,DSCT_BCEP
120627791,tessv1,DSCT_BCEP
120628771,tessv1,DSCT_BCEP
120629181,added_myself,INSTRUMENT/JUNK
120629437,tessv1,CONTACT_ROT
120636910,tessv1,APERIODIC
120637062,added_myself,INSTRUMENT/JUNK
120637156,added_myself,INSTRUMENT/JUNK
120637375,tessv1,APERIODIC
120637821,tessv1,APERIODIC
120638006,tessv1,APERIODIC
120683117,tessv1,APERIODIC
120683441,tessv1,CONTACT_ROT
120684254,tessv1,APERIODIC
120684604,tessv1,ECLIPSE
120690418,tessv1,CONTACT_ROT
120692748,tessv1,SOLARLIKE
120693435,tessv1,ECLIPSE
120693449,tessv1,DSCT_BCEP
120694120,tessv1,DSCT_BCEP
120761779,tessv1,APERIODIC
120761865,added_myself,INSTRUMENT/JUNK
120762767,tessv1,APERIODIC
120763189,added_myself,INSTRUMENT/JUNK
120763890,tessv1,APERIODIC
120764007,tessv1,DSCT_BCEP
120764234,tessv1,APERIODIC
120764832,added_myself,INSTRUMENT/JUNK
120764848,tessv1,ECLIPSE
120765462,tessv1,APERIODIC
120765598,tessv1,GDOR_SPB
120821711,tessv1,APERIODIC
120821757,tessv1,APERIODIC
120822961,tessv1,APERIODIC
120823095,tessv1,APERIODIC
120823835,tessv1,APERIODIC
120824003,tessv1,APERIODIC
120824732,tessv1,APERIODIC
120825218,tessv1,GDOR_SPB
120825325,tessv1,APERIODIC
120825332,tessv1,CONTACT_ROT
120890340,tessv1,GDOR_SPB
120891206,tessv1,CONTACT_ROT
120891312,tessv1,DSCT_BCEP
120891662,tessv1,DSCT_BCEP
120893190,tessv1,APERIODIC
120893542,tessv1,ECLIPSE
120894430,tessv1,CONTACT_ROT
120895245,tessv1,APERIODIC
120895774,tessv1,APERIODIC
120902000,tessv1,APERIODIC
120902067,tessv1,SOLARLIKE
120902172,tessv1,GDOR_SPB
120902305,tessv1,APERIODIC
120902366,tessv1,ECLIPSE
120902759,tessv1,APERIODIC
120961091,tessv1,DSCT_BCEP
120961222,tessv1,CONTACT_ROT
120961308,tessv1,SOLARLIKE
120962547,tessv1,CONTACT_ROT
120962639,tessv1,DSCT_BCEP
120970620,tessv1,SOLARLIKE
120970994,tessv1,CONTACT_ROT
120971658,tessv1,APERIODIC
121012174,tessv1,APERIODIC
121012181,tessv1,APERIODIC
121013810,tessv1,ECLIPSE
121015760,tessv1,GDOR_SPB
121016077,tessv1,APERIODIC
121016578,tessv1,ECLIPSE
121016611,added_myself,INSTRUMENT/JUNK
121019265,tessv1,ECLIPSE
121020626,tessv1,ECLIPSE
121020683,tessv1,CONTACT_ROT
121020873,tessv1,CONTACT_ROT
121021902,tessv1,APERIODIC
121022391,tessv1,GDOR_SPB
121022559,tessv1,ECLIPSE
121022737,added_myself,INSTRUMENT/JUNK
121084276,tessv1,ECLIPSE
121084843,tessv1,APERIODIC
121085080,tessv1,ECLIPSE
121085386,tessv1,RRLYR_CEPH
121085901,tessv1,GDOR_SPB
121085990,tessv1,CONTACT_ROT
121086044,tessv1,APERIODIC
121086421,tessv1,CONTACT_ROT
121107304,tessv1,CONTACT_ROT
121107347,tessv1,GDOR_SPB
121108244,tessv1,CONTACT_ROT
121112313,tessv1,ECLIPSE
121112385,tessv1,CONTACT_ROT
121112874,tessv1,SOLARLIKE
121119552,tessv1,DSCT_BCEP
121121622,tessv1,ECLIPSE
121122404,tessv1,APERIODIC
121124348,tessv1,APERIODIC
121124576,tessv1,DSCT_BCEP
121124831,tessv1,ECLIPSE
121213274,tessv1,ECLIPSE
121213501,tessv1,CONTACT_ROT
121213582,tessv1,APERIODIC
121218632,tessv1,APERIODIC
121272598,tessv1,DSCT_BCEP
121273953,tessv1,DSCT_BCEP
121274086,tessv1,DSCT_BCEP
121274152,tessv1,CONTACT_ROT
121274442,tessv1,CONTACT_ROT
121275225,tessv1,APERIODIC
121275246,tessv1,DSCT_BCEP
121275363,tessv1,CONTACT_ROT
121276332,tessv1,APERIODIC
121323890,tessv2,RRLYR_CEPH
121326586,tessv1,GDOR_SPB
121327941,tessv1,APERIODIC
121330918,tessv1,APERIODIC
121331633,tessv1,CONTACT_ROT
121331677,tessv1,GDOR_SPB
121332795,tessv1,APERIODIC
121332961,tessv1,APERIODIC
121333644,tessv1,APERIODIC
121393780,tessv1,ECLIPSE
121394030,tessv1,GDOR_SPB
121394735,tessv1,APERIODIC
121394860,tessv1,APERIODIC
121395525,tessv1,GDOR_SPB
121395699,tessv1,GDOR_SPB
121456804,tessv1,GDOR_SPB
121460104,tessv1,CONTACT_ROT
121460525,tessv1,DSCT_BCEP
121460813,tessv1,GDOR_SPB
121463057,tessv1,DSCT_BCEP
121464566,tessv1,GDOR_SPB
121464975,tessv1,CONTACT_ROT
121465794,tessv1,CONTACT_ROT
121467663,tessv1,DSCT_BCEP
121535933,tessv1,CONTACT_ROT
121546698,tessv1,GDOR_SPB
121547695,tessv1,GDOR_SPB
121597783,tessv1,APERIODIC
121597833,tessv1,ECLIPSE
121598527,tessv1,CONTACT_ROT
121598562,tessv1,ECLIPSE
121598926,tessv1,DSCT_BCEP
121599066,tessv1,APERIODIC
121599413,tessv1,APERIODIC
121599951,tessv1,APERIODIC
121601961,tessv1,DSCT_BCEP
121601980,tessv1,CONTACT_ROT
121602338,tessv1,APERIODIC
121602390,tessv1,APERIODIC
121602771,tessv1,CONTACT_ROT
121604042,tessv1,ECLIPSE
121656695,added_myself,INSTRUMENT/JUNK
121658451,tessv1,GDOR_SPB
121659691,tessv1,APERIODIC
121659754,tessv1,DSCT_BCEP
121661034,tessv1,DSCT_BCEP
121729614,tessv1,DSCT_BCEP
121731383,tessv1,DSCT_BCEP
121731407,tessv1,APERIODIC
121731457,tessv1,APERIODIC
121731570,tessv1,DSCT_BCEP
121731973,tessv1,ECLIPSE
121731988,tessv1,GDOR_SPB
121732255,tessv1,CONTACT_ROT
121732893,added_myself,INSTRUMENT/JUNK
121732964,tessv1,CONTACT_ROT
121733079,tessv1,APERIODIC
121733800,tessv1,APERIODIC
121734112,tessv1,APERIODIC
121734586,tessv1,APERIODIC
121734683,tessv1,DSCT_BCEP
121734872,tessv1,ECLIPSE
121784495,tessv1,APERIODIC
121784745,added_myself,INSTRUMENT/JUNK
121784837,tessv1,DSCT_BCEP
121785009,tessv1,DSCT_BCEP
121785715,tessv1,CONTACT_ROT
121786164,tessv1,APERIODIC
121788685,tessv1,GDOR_SPB
121790091,tessv1,APERIODIC
121790872,tessv1,ECLIPSE
121791108,tessv1,APERIODIC
121791451,tessv1,APERIODIC
121791611,tessv1,DSCT_BCEP
121792545,tessv1,APERIODIC
121792934,tessv1,APERIODIC
121797394,tessv1,SOLARLIKE
121864254,tessv1,GDOR_SPB
121865785,tessv1,APERIODIC
121865891,tessv1,ECLIPSE
121866049,tessv1,DSCT_BCEP
121866154,tessv1,ECLIPSE
121866435,tessv1,GDOR_SPB
121866977,added_myself,INSTRUMENT/JUNK
121867709,tessv1,CONTACT_ROT
121876417,tessv2,RRLYR_CEPH
121939523,tessv1,DSCT_BCEP
121941586,tessv1,ECLIPSE
121942248,tessv1,CONTACT_ROT
121942354,tessv1,CONTACT_ROT
121942477,tessv1,APERIODIC
121943087,tessv1,APERIODIC
121943671,tessv1,APERIODIC
121944992,tessv1,ECLIPSE
121945314,tessv1,CONTACT_ROT
121945680,tessv1,DSCT_BCEP
121947327,tessv1,APERIODIC
122064563,tessv1,CONTACT_ROT
122064675,tessv1,GDOR_SPB
122066199,tessv1,GDOR_SPB
122066214,tessv1,APERIODIC
122066578,tessv1,CONTACT_ROT
122066798,tessv1,APERIODIC
122067638,tessv1,CONTACT_ROT
122068559,tessv1,CONTACT_ROT
122069181,tessv1,APERIODIC
122069994,tessv1,GDOR_SPB
122070670,tessv1,CONTACT_ROT
122070883,tessv1,CONTACT_ROT
122071036,tessv1,DSCT_BCEP
122071591,tessv1,ECLIPSE
122071687,tessv1,GDOR_SPB
122130578,tessv1,APERIODIC
122136630,tessv1,CONTACT_ROT
122137266,tessv1,GDOR_SPB
122137838,tessv1,DSCT_BCEP
122138980,tessv1,APERIODIC
122139124,tessv1,APERIODIC
122139470,tessv1,APERIODIC
122139608,tessv1,APERIODIC
122139730,tessv1,ECLIPSE
122140695,tessv1,APERIODIC
122142063,tessv1,GDOR_SPB
122226932,tessv1,CONTACT_ROT
122293232,tessv1,DSCT_BCEP
122293347,added_myself,INSTRUMENT/JUNK
122293544,tessv1,CONTACT_ROT
122293868,tessv1,CONTACT_ROT
122294246,tessv1,CONTACT_ROT
122294750,tessv1,APERIODIC
122295165,tessv1,APERIODIC
122295331,tessv1,CONTACT_ROT
122295826,tessv1,APERIODIC
122297136,tessv1,APERIODIC
122297198,tessv1,APERIODIC
122297341,tessv1,APERIODIC
122298205,tessv1,DSCT_BCEP
122299130,tessv1,DSCT_BCEP
122299913,tessv1,APERIODIC
122300124,tessv1,APERIODIC
122301596,tessv1,CONTACT_ROT
122301777,tessv1,DSCT_BCEP
122302184,tessv1,APERIODIC
122303843,tessv1,CONTACT_ROT
122304494,tessv1,ECLIPSE
122304887,tessv1,ECLIPSE
122305438,tessv1,APERIODIC
122305626,tessv1,DSCT_BCEP
122305672,added_myself,INSTRUMENT/JUNK
122365299,tessv1,DSCT_BCEP
122365584,added_myself,INSTRUMENT/JUNK
122375269,tessv1,ECLIPSE
122375393,added_myself,INSTRUMENT/JUNK
122375905,added_myself,INSTRUMENT/JUNK
122376726,tessv1,GDOR_SPB
122439953,tessv1,GDOR_SPB
122440505,tessv1,APERIODIC
122440768,tessv1,CONTACT_ROT
122442360,tessv1,APERIODIC
122442654,tessv1,CONTACT_ROT
122442825,tessv1,APERIODIC
122443296,tessv1,APERIODIC
122443349,tessv1,CONTACT_ROT
122443375,tessv1,DSCT_BCEP
122443549,tessv1,APERIODIC
122443599,tessv1,ECLIPSE
122444907,tessv1,CONTACT_ROT
122445016,tessv1,CONTACT_ROT
122446076,tessv1,ECLIPSE
122446960,tessv1,ECLIPSE
122447460,tessv1,CONTACT_ROT
122447832,tessv1,APERIODIC
122447932,tessv1,APERIODIC
122449793,tessv1,APERIODIC
122450680,tessv1,ECLIPSE
122450770,tessv1,DSCT_BCEP
122451156,tessv1,DSCT_BCEP
122451351,added_myself,INSTRUMENT/JUNK
122451467,tessv1,RRLYR_CEPH
122451520,tessv1,APERIODIC
122452155,tessv1,DSCT_BCEP
122507329,tessv1,CONTACT_ROT
122508425,tessv1,APERIODIC
122515397,tessv1,APERIODIC
122515910,added_myself,INSTRUMENT/JUNK
122518366,tessv1,APERIODIC
122518475,tessv1,CONTACT_ROT
122518499,tessv1,APERIODIC
122519226,added_myself,INSTRUMENT/JUNK
122519614,tessv1,DSCT_BCEP
122596398,tessv1,GDOR_SPB
122597244,tessv1,APERIODIC
122597780,tessv1,GDOR_SPB
122597825,tessv1,DSCT_BCEP
122597845,tessv1,CONTACT_ROT
122598213,tessv1,APERIODIC
122600719,tessv1,CONTACT_ROT
122601307,tessv1,GDOR_SPB
122602341,tessv1,GDOR_SPB
122602475,tessv1,APERIODIC
122602670,tessv1,APERIODIC
122603455,tessv1,ECLIPSE
122603719,tessv1,CONTACT_ROT
122605615,added_myself,INSTRUMENT/JUNK
122605722,tessv1,APERIODIC
122606012,tessv1,GDOR_SPB
122606161,added_myself,INSTRUMENT/JUNK
122606171,tessv1,APERIODIC
122606463,tessv1,ECLIPSE
122606718,tessv1,DSCT_BCEP
122606934,tessv1,APERIODIC
122607618,tessv1,APERIODIC
122608007,tessv1,CONTACT_ROT
122672432,tessv1,GDOR_SPB
122673176,tessv1,CONTACT_ROT
122673283,added_myself,INSTRUMENT/JUNK
122673431,tessv1,DSCT_BCEP
122679754,tessv1,APERIODIC
122681034,tessv1,APERIODIC
122681224,tessv1,APERIODIC
122681514,added_myself,INSTRUMENT/JUNK
122681901,tessv1,DSCT_BCEP
122682036,tessv1,DSCT_BCEP
122682307,tessv1,APERIODIC
122682805,tessv1,GDOR_SPB
122683109,tessv1,DSCT_BCEP
122684183,tessv1,CONTACT_ROT
122684203,tessv1,CONTACT_ROT
122684218,tessv1,ECLIPSE
122684310,tessv1,CONTACT_ROT
122707383,tessv1,APERIODIC
122707725,tessv1,ECLIPSE
122707782,tessv1,GDOR_SPB
122707980,tessv1,DSCT_BCEP
122710140,tessv1,CONTACT_ROT
122711906,tessv1,GDOR_SPB
122712115,tessv1,CONTACT_ROT
122713098,tessv1,GDOR_SPB
122713169,tessv1,DSCT_BCEP
122716189,tessv1,APERIODIC
122716563,tessv1,ECLIPSE
122717062,added_myself,INSTRUMENT/JUNK
122717173,tessv1,DSCT_BCEP
122780962,tessv1,DSCT_BCEP
122781772,added_myself,INSTRUMENT/JUNK
122783132,tessv1,APERIODIC
122784040,tessv1,APERIODIC
123043410,tessv2,RRLYR_CEPH
123125517,added_myself,INSTRUMENT/JUNK
123126439,added_myself,INSTRUMENT/JUNK
123129511,tessv1,APERIODIC
123129674,added_myself,INSTRUMENT/JUNK
123129725,added_myself,INSTRUMENT/JUNK
123198401,tessv1,CONTACT_ROT
123198519,tessv1,APERIODIC
123198657,added_myself,INSTRUMENT/JUNK
123199429,tessv1,CONTACT_ROT
123200174,tessv2,RRLYR_CEPH
123201160,added_myself,INSTRUMENT/JUNK
123201367,added_myself,INSTRUMENT/JUNK
123202271,added_myself,INSTRUMENT/JUNK
123202426,added_myself,INSTRUMENT/JUNK
123205833,added_myself,INSTRUMENT/JUNK
123205975,added_myself,INSTRUMENT/JUNK
123206402,tessv1,DSCT_BCEP
123229733,added_myself,INSTRUMENT/JUNK
123230202,tessv1,ECLIPSE
123230721,added_myself,INSTRUMENT/JUNK
123230887,added_myself,INSTRUMENT/JUNK
123231861,tessv1,GDOR_SPB
123232981,added_myself,INSTRUMENT/JUNK
123233199,added_myself,INSTRUMENT/JUNK
123233221,added_myself,INSTRUMENT/JUNK
123233235,tessv1,APERIODIC
123233695,added_myself,INSTRUMENT/JUNK
123233995,added_myself,INSTRUMENT/JUNK
123234173,added_myself,INSTRUMENT/JUNK
123235248,added_myself,INSTRUMENT/JUNK
123308817,tessv1,SOLARLIKE
123309024,added_myself,INSTRUMENT/JUNK
123310053,added_myself,INSTRUMENT/JUNK
123310475,added_myself,INSTRUMENT/JUNK
123313413,added_myself,INSTRUMENT/JUNK
123314298,tessv1,CONTACT_ROT
123314550,tessv1,APERIODIC
123314858,tessv1,CONTACT_ROT
123314914,tessv1,APERIODIC
123315395,tessv1,APERIODIC
123315988,added_myself,INSTRUMENT/JUNK
123316163,tessv1,DSCT_BCEP
123316445,added_myself,INSTRUMENT/JUNK
123316518,tessv1,ECLIPSE
123316709,tessv1,ECLIPSE
123317046,tessv1,DSCT_BCEP
123317257,tessv1,APERIODIC
123317865,tessv1,APERIODIC
123317989,tessv1,CONTACT_ROT
123355473,added_myself,INSTRUMENT/JUNK
123357296,added_myself,INSTRUMENT/JUNK
123357376,tessv1,DSCT_BCEP
123357412,added_myself,INSTRUMENT/JUNK
123357793,tessv1,CONTACT_ROT
123358083,added_myself,INSTRUMENT/JUNK
123358491,tessv1,GDOR_SPB
123358786,tessv1,APERIODIC
123359966,tessv1,CONTACT_ROT
123361482,added_myself,INSTRUMENT/JUNK
123362648,tessv1,DSCT_BCEP
123363153,tessv1,GDOR_SPB
123363555,tessv1,CONTACT_ROT
123363840,tessv1,APERIODIC
123363886,tessv1,APERIODIC
123364082,tessv1,APERIODIC
123364416,tessv1,APERIODIC
123364441,added_myself,INSTRUMENT/JUNK
123409435,tessv1,CONTACT_ROT
123409594,added_myself,INSTRUMENT/JUNK
123409754,added_myself,INSTRUMENT/JUNK
123409798,tessv1,CONTACT_ROT
123409976,tessv1,DSCT_BCEP
123410362,added_myself,INSTRUMENT/JUNK
123410502,tessv1,APERIODIC
123413018,added_myself,INSTRUMENT/JUNK
123413201,added_myself,INSTRUMENT/JUNK
123413993,tessv1,DSCT_BCEP
123414088,tessv1,SOLARLIKE
123415252,tessv1,APERIODIC
123415465,tessv1,SOLARLIKE
123416199,tessv1,GDOR_SPB
123417182,added_myself,INSTRUMENT/JUNK
123417193,tessv1,CONTACT_ROT
123417354,tessv1,SOLARLIKE
123417385,added_myself,INSTRUMENT/JUNK
123444548,added_myself,INSTRUMENT/JUNK
123444754,added_myself,INSTRUMENT/JUNK
123444772,added_myself,INSTRUMENT/JUNK
123445986,added_myself,INSTRUMENT/JUNK
123447105,tessv1,SOLARLIKE
123448092,added_myself,INSTRUMENT/JUNK
123448173,added_myself,INSTRUMENT/JUNK
123448195,tessv1,DSCT_BCEP
123449345,tessv1,GDOR_SPB
123449580,tessv1,APERIODIC
123449964,tessv1,SOLARLIKE
123450033,added_myself,INSTRUMENT/JUNK
123450313,tessv1,GDOR_SPB
123450662,tessv1,DSCT_BCEP
123450808,tessv1,APERIODIC
123450851,tessv1,CONTACT_ROT
123451404,added_myself,INSTRUMENT/JUNK
123451461,tessv1,GDOR_SPB
123451513,added_myself,INSTRUMENT/JUNK
123451672,tessv1,CONTACT_ROT
123451835,tessv1,SOLARLIKE
123453019,added_myself,INSTRUMENT/JUNK
123489706,added_myself,INSTRUMENT/JUNK
123490165,tessv1,APERIODIC
123493065,tessv1,APERIODIC
123493374,tessv1,CONTACT_ROT
123493830,tessv1,CONTACT_ROT
123494120,tessv1,DSCT_BCEP
123494249,added_myself,INSTRUMENT/JUNK
123494369,added_myself,INSTRUMENT/JUNK
123494500,added_myself,INSTRUMENT/JUNK
123494633,tessv1,CONTACT_ROT
123495216,tessv1,DSCT_BCEP
123495505,tessv1,ECLIPSE
123496052,tessv1,ECLIPSE
123496075,tessv1,CONTACT_ROT
123497826,added_myself,INSTRUMENT/JUNK
123497897,tessv1,GDOR_SPB
123498128,added_myself,INSTRUMENT/JUNK
123498672,tessv1,CONTACT_ROT
123498741,tessv1,APERIODIC
123499121,tessv1,DSCT_BCEP
123499130,added_myself,INSTRUMENT/JUNK
123499430,added_myself,INSTRUMENT/JUNK
123499478,tessv1,CONTACT_ROT
125368230,added_myself,DSCT_BCEP
125673569,added_myself,SOLARLIKE
125689137,added_myself,INSTRUMENT/JUNK
126087578,tessv2,RRLYR_CEPH
126092590,tessv2,RRLYR_CEPH
126161974,added_myself,SOLARLIKE
126166554,added_myself,SOLARLIKE
126171360,added_myself,INSTRUMENT/JUNK
126224281,added_myself,INSTRUMENT/JUNK
126227466,added_myself,SOLARLIKE
126279746,added_myself,SOLARLIKE
126338140,added_myself,SOLARLIKE
126411036,added_myself,INSTRUMENT/JUNK
126418541,added_myself,SOLARLIKE
126420384,added_myself,CONTACT_ROT
126547999,added_myself,INSTRUMENT/JUNK
126555248,added_myself,INSTRUMENT/JUNK
126558013,added_myself,ECLIPSE
126611707,added_myself,SOLARLIKE
126616815,added_myself,ECLIPSE
126619115,added_myself,SOLARLIKE
126675895,added_myself,SOLARLIKE
126683915,added_myself,DSCT_BCEP
126753894,added_myself,SOLARLIKE
126756153,added_myself,SOLARLIKE
126808507,added_myself,INSTRUMENT/JUNK
126811763,added_myself,DSCT_BCEP
126886024,tessv2,RRLYR_CEPH
126887983,added_myself,INSTRUMENT/JUNK
126932756,added_myself,SOLARLIKE
126937349,added_myself,SOLARLIKE
135788498,added_myself,DSCT_BCEP
135961746,added_myself,INSTRUMENT/JUNK
136023334,added_myself,CONTACT_ROT
136042981,added_myself,CONTACT_ROT
136089329,added_myself,INSTRUMENT/JUNK
136091836,added_myself,ECLIPSE
136453776,added_myself,ECLIPSE
136461059,added_myself,CONTACT_ROT
136656554,added_myself,INSTRUMENT/JUNK
136720238,added_myself,CONTACT_ROT
136730103,added_myself,CONTACT_ROT
136733407,added_myself,DSCT_BCEP
136992891,added_myself,INSTRUMENT/JUNK
136994623,added_myself,INSTRUMENT/JUNK
137021433,added_myself,INSTRUMENT/JUNK
137049822,added_myself,ECLIPSE
137051608,added_myself,DSCT_BCEP
137088037,tessv1,ECLIPSE
137088116,tessv1,APERIODIC
137090143,tessv1,CONTACT_ROT
137090765,tessv1,DSCT_BCEP
137090953,tessv1,ECLIPSE
137095850,added_myself,INSTRUMENT/JUNK
137096570,added_myself,INSTRUMENT/JUNK
137096604,tessv1,CONTACT_ROT
137096618,added_myself,INSTRUMENT/JUNK
137098539,tessv1,DSCT_BCEP
137098713,tessv1,APERIODIC
137098862,tessv1,DSCT_BCEP
137099242,tessv1,APERIODIC
137146441,tessv1,APERIODIC
137147023,tessv1,CONTACT_ROT
137147024,tessv1,DSCT_BCEP
137147540,tessv1,DSCT_BCEP
137147728,added_myself,INSTRUMENT/JUNK
137148578,tessv1,APERIODIC
137148932,tessv1,APERIODIC
137149258,tessv1,GDOR_SPB
137149696,added_myself,INSTRUMENT/JUNK
137150494,tessv1,APERIODIC
137151074,tessv1,CONTACT_ROT
137151273,tessv1,APERIODIC
137151929,tessv1,APERIODIC
137152301,tessv1,CONTACT_ROT
137152450,tessv1,APERIODIC
137155326,added_myself,INSTRUMENT/JUNK
137155469,tessv1,CONTACT_ROT
137211158,tessv1,CONTACT_ROT
137211273,tessv1,CONTACT_ROT
137217366,tessv1,ECLIPSE
137217986,tessv1,DSCT_BCEP
137219337,added_myself,INSTRUMENT/JUNK
137220390,tessv1,DSCT_BCEP
137221250,added_myself,INSTRUMENT/JUNK
137221310,tessv1,DSCT_BCEP
137221438,tessv1,APERIODIC
137274420,tessv2,RRLYR_CEPH
137307059,tessv1,APERIODIC
137307569,tessv1,GDOR_SPB
137307660,tessv1,GDOR_SPB
137307736,added_myself,INSTRUMENT/JUNK
137310183,tessv2,RRLYR_CEPH
137313748,added_myself,INSTRUMENT/JUNK
137313785,tessv1,APERIODIC
137314650,added_myself,INSTRUMENT/JUNK
137315805,tessv1,DSCT_BCEP
137315989,tessv1,CONTACT_ROT
137316086,tessv1,CONTACT_ROT
137316692,added_myself,INSTRUMENT/JUNK
137317572,added_myself,INSTRUMENT/JUNK
137319204,tessv1,ECLIPSE
137319503,tessv1,ECLIPSE
137337040,tessv1,ECLIPSE
137337126,tessv1,APERIODIC
137340789,tessv1,APERIODIC
137340846,tessv1,GDOR_SPB
137341192,tessv1,GDOR_SPB
137341354,tessv1,ECLIPSE
137341551,tessv1,DSCT_BCEP
137346329,tessv1,DSCT_BCEP
137346492,tessv1,CONTACT_ROT
137347207,added_myself,INSTRUMENT/JUNK
137347875,tessv1,ECLIPSE
137348395,tessv1,GDOR_SPB
137349434,tessv1,APERIODIC
137349685,tessv1,CONTACT_ROT
137350719,tessv1,APERIODIC
137359662,added_myself,ECLIPSE
137361260,added_myself,ECLIPSE
137361818,added_myself,INSTRUMENT/JUNK
137364956,added_myself,INSTRUMENT/JUNK
137365353,added_myself,DSCT_BCEP
137365803,added_myself,CONTACT_ROT
137402651,added_myself,INSTRUMENT/JUNK
137402806,added_myself,INSTRUMENT/JUNK
137403552,added_myself,INSTRUMENT/JUNK
137407091,tessv1,CONTACT_ROT
137407957,tessv1,APERIODIC
137408317,tessv1,ECLIPSE
137408962,tessv1,ECLIPSE
137409142,tessv1,ECLIPSE
137409811,tessv1,CONTACT_ROT
137410854,tessv1,DSCT_BCEP
137410897,tessv1,CONTACT_ROT
137411280,tessv1,ECLIPSE
137411725,tessv1,ECLIPSE
137412073,tessv1,APERIODIC
137414238,tessv1,CONTACT_ROT
137415011,tessv1,GDOR_SPB
137446868,added_myself,INSTRUMENT/JUNK
137482594,tessv1,DSCT_BCEP
137483077,tessv1,CONTACT_ROT
137484354,tessv1,DSCT_BCEP
137487101,added_myself,INSTRUMENT/JUNK
137487177,tessv1,APERIODIC
137488698,tessv1,CONTACT_ROT
137545766,tessv1,DSCT_BCEP
137545849,tessv1,GDOR_SPB
137546211,added_myself,INSTRUMENT/JUNK
137546334,added_myself,INSTRUMENT/JUNK
137546699,tessv1,APERIODIC
137546731,tessv1,APERIODIC
137546748,added_myself,INSTRUMENT/JUNK
137546777,tessv1,GDOR_SPB
137547156,added_myself,INSTRUMENT/JUNK
137547194,tessv1,APERIODIC
137547310,added_myself,INSTRUMENT/JUNK
137547399,tessv1,ECLIPSE
137547686,tessv1,APERIODIC
137548243,tessv1,CONTACT_ROT
137548921,added_myself,INSTRUMENT/JUNK
137549037,tessv1,DSCT_BCEP
137549183,tessv1,ECLIPSE
137549610,added_myself,INSTRUMENT/JUNK
137550391,added_myself,INSTRUMENT/JUNK
137550417,added_myself,INSTRUMENT/JUNK
137550518,tessv1,GDOR_SPB
137550534,added_myself,INSTRUMENT/JUNK
137550757,added_myself,INSTRUMENT/JUNK
137550847,tessv1,APERIODIC
137550886,tessv1,APERIODIC
137550974,tessv1,DSCT_BCEP
137551014,tessv1,CONTACT_ROT
137551461,tessv1,ECLIPSE
137551463,tessv1,APERIODIC
137551493,added_myself,INSTRUMENT/JUNK
137551774,tessv1,CONTACT_ROT
137551856,tessv1,CONTACT_ROT
137555821,tessv1,CONTACT_ROT
137556333,tessv1,GDOR_SPB
137557837,tessv1,GDOR_SPB
137557923,tessv1,APERIODIC
137617832,added_myself,INSTRUMENT/JUNK
137628135,tessv1,APERIODIC
137628722,tessv1,GDOR_SPB
137632395,added_myself,INSTRUMENT/JUNK
137632596,tessv1,APERIODIC
137632713,tessv1,APERIODIC
137633587,added_myself,INSTRUMENT/JUNK
137634684,tessv1,DSCT_BCEP
137635834,tessv1,DSCT_BCEP
137635985,tessv1,DSCT_BCEP
137636297,added_myself,INSTRUMENT/JUNK
137637070,tessv1,APERIODIC
137684294,added_myself,INSTRUMENT/JUNK
137684920,added_myself,INSTRUMENT/JUNK
137685462,tessv1,APERIODIC
137686153,added_myself,INSTRUMENT/JUNK
137686739,tessv1,APERIODIC
137687673,tessv1,GDOR_SPB
137689084,tessv1,CONTACT_ROT
137689353,tessv1,APERIODIC
137762597,tessv1,GDOR_SPB
137795976,added_myself,ECLIPSE
137803548,added_myself,DSCT_BCEP
137815140,tessv1,APERIODIC
137815282,tessv1,APERIODIC
137815633,tessv1,APERIODIC
137815696,tessv1,DSCT_BCEP
137815899,tessv1,CONTACT_ROT
137815946,tessv1,DSCT_BCEP
137815965,tessv1,GDOR_SPB
137816178,tessv1,APERIODIC
137817552,added_myself,INSTRUMENT/JUNK
137818468,tessv1,GDOR_SPB
137818550,added_myself,INSTRUMENT/JUNK
137829722,tessv1,GDOR_SPB
137842330,added_myself,CONTACT_ROT
137847139,added_myself,CONTACT_ROT
137890412,tessv1,ECLIPSE
137890951,tessv1,APERIODIC
137890960,tessv1,APERIODIC
137890994,tessv1,CONTACT_ROT
137892489,added_myself,INSTRUMENT/JUNK
137892520,added_myself,INSTRUMENT/JUNK
137893251,added_myself,INSTRUMENT/JUNK
137893295,tessv1,ECLIPSE
137897115,tessv1,ECLIPSE
137953006,added_myself,CONTACT_ROT
137975819,tessv1,APERIODIC
137975885,tessv1,GDOR_SPB
137975907,tessv1,ECLIPSE
137975914,added_myself,INSTRUMENT/JUNK
137977094,tessv1,CONTACT_ROT
137977187,tessv1,ECLIPSE
137977639,tessv1,DSCT_BCEP
137977804,tessv1,CONTACT_ROT
138009275,added_myself,DSCT_BCEP
138035706,tessv1,DSCT_BCEP
138037268,tessv1,ECLIPSE
138037577,tessv1,GDOR_SPB
138040846,tessv1,GDOR_SPB
138078406,added_myself,DSCT_BCEP
138097880,tessv1,APERIODIC
138098354,added_myself,SOLARLIKE
138098461,tessv1,CONTACT_ROT
138147446,added_myself,INSTRUMENT/JUNK
138154117,tessv1,CONTACT_ROT
138154750,tessv1,ECLIPSE
138209461,added_myself,INSTRUMENT/JUNK
138219701,tessv1,DSCT_BCEP
138220216,tessv1,APERIODIC
138220243,tessv1,CONTACT_ROT
138220532,tessv1,DSCT_BCEP
138220675,tessv1,GDOR_SPB
138221399,tessv1,APERIODIC
138221430,tessv1,DSCT_BCEP
138221433,tessv1,APERIODIC
138221465,tessv1,GDOR_SPB
138221650,tessv1,APERIODIC
138296640,tessv1,APERIODIC
138318354,added_myself,DSCT_BCEP
138382009,added_myself,DSCT_BCEP
138428761,tessv1,DSCT_BCEP
138429503,tessv1,GDOR_SPB
138429773,tessv1,CONTACT_ROT
138429856,tessv1,GDOR_SPB
138430121,added_myself,SOLARLIKE
138430169,tessv1,APERIODIC
138430299,tessv1,APERIODIC
138430438,tessv1,ECLIPSE
138433995,tessv1,CONTACT_ROT
138455774,added_myself,ECLIPSE
138535213,added_myself,INSTRUMENT/JUNK
138544174,added_myself,INSTRUMENT/JUNK
138577707,added_myself,INSTRUMENT/JUNK
138580742,added_myself,SOLARLIKE
138613032,added_myself,ECLIPSE
138618487,added_myself,INSTRUMENT/JUNK
138636625,tessv1,GDOR_SPB
138637269,tessv1,GDOR_SPB
138637554,tessv1,CONTACT_ROT
138638652,tessv1,GDOR_SPB
138639253,tessv1,ECLIPSE
138650331,added_myself,INSTRUMENT/JUNK
138650447,added_myself,SOLARLIKE
138652702,added_myself,CONTACT_ROT
138723690,added_myself,SOLARLIKE
138725798,added_myself,SOLARLIKE
138726047,tessv1,CONTACT_ROT
138726174,tessv1,CONTACT_ROT
138726620,tessv1,CONTACT_ROT
138752483,added_myself,CONTACT_ROT
138803542,tessv1,GDOR_SPB
138806085,tessv1,GDOR_SPB
138806620,tessv1,CONTACT_ROT
138862727,added_myself,CONTACT_ROT
138875515,added_myself,ECLIPSE
138887802,tessv2,RRLYR_CEPH
138889065,tessv1,ECLIPSE
138892474,tessv1,ECLIPSE
138893145,tessv1,ECLIPSE
138951021,added_myself,CONTACT_ROT
138960108,tessv1,CONTACT_ROT
138961868,tessv1,GDOR_SPB
138962637,added_myself,SOLARLIKE
138963148,tessv1,CONTACT_ROT
138966510,added_myself,CONTACT_ROT
138967732,tessv1,GDOR_SPB
138967906,tessv1,ECLIPSE
138968207,added_myself,DSCT_BCEP
138971161,tessv1,GDOR_SPB
138971405,tessv1,ECLIPSE
139006557,added_myself,DSCT_BCEP
139019761,added_myself,CONTACT_ROT
139037063,added_myself,INSTRUMENT/JUNK
139071967,added_myself,SOLARLIKE
139072426,added_myself,INSTRUMENT/JUNK
139103795,tessv1,GDOR_SPB
139105192,tessv1,GDOR_SPB
139136739,added_myself,DSCT_BCEP
139136890,added_myself,ECLIPSE
139157339,tessv1,CONTACT_ROT
139158256,added_myself,INSTRUMENT/JUNK
141820760,added_myself,INSTRUMENT/JUNK
141821119,added_myself,SOLARLIKE
141821228,added_myself,SOLARLIKE
141861002,added_myself,INSTRUMENT/JUNK
141872595,added_myself,INSTRUMENT/JUNK
141876660,added_myself,INSTRUMENT/JUNK
142371827,added_myself,SOLARLIKE
142383896,tessv2,RRLYR_CEPH
142413500,added_myself,INSTRUMENT/JUNK
142413870,tessv2,RRLYR_CEPH
142738022,tessv2,RRLYR_CEPH
142828141,added_myself,CONTACT_ROT
142848794,tessv2,RRLYR_CEPH
142872085,added_myself,INSTRUMENT/JUNK
142936400,added_myself,INSTRUMENT/JUNK
147576267,tessv2,RRLYR_CEPH
147877855,tessv2,RRLYR_CEPH
148840415,added_myself,INSTRUMENT/JUNK
148878086,added_myself,INSTRUMENT/JUNK
148894072,tessv2,RRLYR_CEPH
148910398,added_myself,INSTRUMENT/JUNK
148911118,tessv2,RRLYR_CEPH
148912822,added_myself,CONTACT_ROT
148913489,added_myself,INSTRUMENT/JUNK
148915855,added_myself,CONTACT_ROT
148915856,added_myself,INSTRUMENT/JUNK
148964975,added_myself,INSTRUMENT/JUNK
148965846,added_myself,CONTACT_ROT
148968914,tessv2,RRLYR_CEPH
150310015,tessv2,RRLYR_CEPH
150318429,added_myself,INSTRUMENT/JUNK
150326115,added_myself,INSTRUMENT/JUNK
150355581,tessv2,RRLYR_CEPH
150385199,added_myself,SOLARLIKE
153951061,added_myself,INSTRUMENT/JUNK
153976441,added_myself,SOLARLIKE
154007396,tessv2,RRLYR_CEPH
154008360,added_myself,CONTACT_ROT
154087607,added_myself,INSTRUMENT/JUNK
154125198,added_myself,INSTRUMENT/JUNK
154183106,tessv2,RRLYR_CEPH
154223798,added_myself,INSTRUMENT/JUNK
154256561,added_myself,INSTRUMENT/JUNK
154256635,added_myself,DSCT_BCEP
154511178,added_myself,DSCT_BCEP
154563885,added_myself,ECLIPSE
154566604,added_myself,INSTRUMENT/JUNK
155877028,added_myself,INSTRUMENT/JUNK
155878734,added_myself,INSTRUMENT/JUNK
156456799,added_myself,INSTRUMENT/JUNK
156457560,added_myself,INSTRUMENT/JUNK
156492019,added_myself,SOLARLIKE
156508002,tessv2,RRLYR_CEPH
156509300,added_myself,INSTRUMENT/JUNK
157327106,added_myself,CONTACT_ROT
157520260,tessv2,RRLYR_CEPH
157523265,tessv2,RRLYR_CEPH
157769565,tessv2,RRLYR_CEPH
158112151,tessv1,DSCT_BCEP
158112244,tessv1,RRLYR_CEPH
158113583,tessv1,ECLIPSE
158113975,tessv1,APERIODIC
158165935,tessv1,CONTACT_ROT
158166739,tessv1,SOLARLIKE
158166744,tessv1,APERIODIC
158166833,tessv1,APERIODIC
158167015,tessv1,DSCT_BCEP
158167142,tessv1,SOLARLIKE
158171482,tessv1,DSCT_BCEP
158171488,tessv1,APERIODIC
158171489,tessv1,GDOR_SPB
158171797,tessv1,APERIODIC
158172173,tessv1,CONTACT_ROT
158172746,tessv1,SOLARLIKE
158173282,tessv1,APERIODIC
158173286,tessv1,ECLIPSE
158173344,tessv1,CONTACT_ROT
158175339,tessv1,SOLARLIKE
158211069,tessv1,CONTACT_ROT
158213417,tessv1,APERIODIC
158213425,tessv1,SOLARLIKE
158215087,tessv1,APERIODIC
158215523,tessv1,GDOR_SPB
158215628,tessv1,CONTACT_ROT
158215869,tessv1,SOLARLIKE
158216002,tessv1,APERIODIC
158218303,tessv1,APERIODIC
158218818,tessv1,CONTACT_ROT
158269378,tessv1,CONTACT_ROT
158270230,added_myself,INSTRUMENT/JUNK
158270833,tessv1,RRLYR_CEPH
158270970,tessv1,APERIODIC
158271090,tessv1,CONTACT_ROT
158271748,added_myself,SOLARLIKE
158272742,tessv1,ECLIPSE
158272744,added_myself,ECLIPSE
158272847,added_myself,SOLARLIKE
158273049,tessv1,APERIODIC
158273633,added_myself,SOLARLIKE
158274148,tessv1,ECLIPSE
158274321,tessv1,DSCT_BCEP
158274707,tessv1,APERIODIC
158276240,tessv1,APERIODIC
158276557,tessv1,CONTACT_ROT
158276780,tessv1,CONTACT_ROT
158277874,tessv1,APERIODIC
158317601,tessv1,APERIODIC
158319533,tessv1,CONTACT_ROT
158319854,tessv1,APERIODIC
158319951,tessv1,APERIODIC
158320134,tessv1,CONTACT_ROT
158320226,tessv1,SOLARLIKE
158320343,tessv1,APERIODIC
158320407,tessv1,CONTACT_ROT
158321712,tessv1,DSCT_BCEP
158322489,tessv1,DSCT_BCEP
158322648,tessv1,SOLARLIKE
158322668,tessv1,CONTACT_ROT
158324196,tessv1,DSCT_BCEP
158324580,tessv1,APERIODIC
158324719,tessv1,DSCT_BCEP
158326003,tessv1,SOLARLIKE
158326707,tessv1,CONTACT_ROT
158385458,tessv1,APERIODIC
158385754,tessv1,APERIODIC
158385838,tessv1,CONTACT_ROT
158385876,tessv1,GDOR_SPB
158386775,tessv1,ECLIPSE
158386945,tessv1,DSCT_BCEP
158387035,tessv1,RRLYR_CEPH
158387104,tessv1,DSCT_BCEP
158387865,tessv1,CONTACT_ROT
158388330,tessv1,GDOR_SPB
158388627,tessv1,APERIODIC
158389967,tessv1,CONTACT_ROT
158390185,tessv1,APERIODIC
158390533,tessv1,APERIODIC
158390788,tessv1,APERIODIC
158392040,tessv1,APERIODIC
158393140,tessv1,ECLIPSE
158393381,added_myself,INSTRUMENT/JUNK
158393612,tessv1,CONTACT_ROT
158393752,tessv1,CONTACT_ROT
158394030,tessv1,ECLIPSE
158394974,tessv1,CONTACT_ROT
158394978,added_myself,INSTRUMENT/JUNK
158412683,tessv1,APERIODIC
158415873,tessv1,DSCT_BCEP
158419068,tessv1,APERIODIC
158420763,tessv1,APERIODIC
158421483,tessv1,APERIODIC
158425604,tessv1,CONTACT_ROT
158427997,tessv1,DSCT_BCEP
158429231,tessv1,APERIODIC
158429344,tessv1,APERIODIC
158431715,tessv1,CONTACT_ROT
158433525,tessv1,APERIODIC
158434408,tessv1,GDOR_SPB
158460625,added_myself,INSTRUMENT/JUNK
158462651,added_myself,INSTRUMENT/JUNK
158484619,tessv1,ECLIPSE
158486720,tessv1,SOLARLIKE
158487195,tessv1,CONTACT_ROT
158488307,tessv1,DSCT_BCEP
158488477,tessv1,ECLIPSE
158490135,tessv1,DSCT_BCEP
158490401,tessv1,ECLIPSE
158491049,added_myself,DSCT_BCEP
158491288,tessv1,ECLIPSE
158493932,tessv1,DSCT_BCEP
158494141,tessv1,GDOR_SPB
158494309,tessv1,APERIODIC
158494819,added_myself,INSTRUMENT/JUNK
158495556,tessv1,GDOR_SPB
158496171,tessv1,APERIODIC
158533736,added_myself,INSTRUMENT/JUNK
158540894,added_myself,INSTRUMENT/JUNK
158552405,tessv1,CONTACT_ROT
158553034,tessv1,RRLYR_CEPH
158553410,tessv1,GDOR_SPB
158554073,tessv1,DSCT_BCEP
158555663,tessv1,APERIODIC
158555987,tessv1,CONTACT_ROT
158556023,tessv1,GDOR_SPB
158556203,tessv1,APERIODIC
158557128,tessv1,APERIODIC
158557146,tessv1,GDOR_SPB
158559272,tessv1,APERIODIC
158559512,tessv1,CONTACT_ROT
158559784,tessv1,SOLARLIKE
158560395,tessv1,SOLARLIKE
158561050,tessv1,SOLARLIKE
158561115,tessv1,CONTACT_ROT
158561166,tessv1,SOLARLIKE
158561969,added_myself,INSTRUMENT/JUNK
158562326,tessv1,DSCT_BCEP
158562424,tessv1,APERIODIC
158562487,tessv1,APERIODIC
158624200,tessv1,APERIODIC
158624690,tessv1,SOLARLIKE
158625549,tessv1,ECLIPSE
158625964,added_myself,INSTRUMENT/JUNK
158629002,tessv1,CONTACT_ROT
158629582,tessv1,CONTACT_ROT
158629634,tessv1,APERIODIC
158629996,tessv1,APERIODIC
158630416,tessv1,CONTACT_ROT
158630999,tessv1,APERIODIC
158631129,tessv1,APERIODIC
158631297,tessv1,DSCT_BCEP
158632599,tessv1,DSCT_BCEP
158633465,tessv1,GDOR_SPB
158634245,tessv1,APERIODIC
158634609,tessv1,CONTACT_ROT
158634762,tessv1,GDOR_SPB
158635015,tessv1,GDOR_SPB
158635832,tessv1,ECLIPSE
158659557,tessv1,SOLARLIKE
158659805,tessv1,APERIODIC
158660255,tessv1,APERIODIC
158660631,tessv1,ECLIPSE
158660874,tessv1,DSCT_BCEP
158662338,tessv1,GDOR_SPB
158663754,added_myself,CONTACT_ROT
158663848,tessv1,SOLARLIKE
158664198,tessv1,DSCT_BCEP
158664613,tessv1,SOLARLIKE
158664865,tessv1,CONTACT_ROT
158665211,tessv1,GDOR_SPB
158665964,tessv1,SOLARLIKE
158720624,tessv1,GDOR_SPB
158721511,tessv1,APERIODIC
158721722,tessv1,GDOR_SPB
158721809,tessv1,APERIODIC
158721972,tessv1,DSCT_BCEP
158722360,tessv1,CONTACT_ROT
158722941,tessv1,DSCT_BCEP
158723644,tessv1,CONTACT_ROT
158723987,tessv1,CONTACT_ROT
158724028,tessv1,GDOR_SPB
158724501,tessv1,SOLARLIKE
158724800,tessv1,DSCT_BCEP
158726046,tessv1,CONTACT_ROT
158726127,tessv1,ECLIPSE
158726422,tessv1,ECLIPSE
158728860,tessv1,ECLIPSE
158729525,added_myself,INSTRUMENT/JUNK
158729599,added_myself,SOLARLIKE
158730053,tessv1,CONTACT_ROT
158730244,tessv1,DSCT_BCEP
158785294,tessv1,APERIODIC
158786718,tessv1,CONTACT_ROT
158787200,tessv1,DSCT_BCEP
158787693,tessv1,APERIODIC
158787827,tessv1,SOLARLIKE
158788034,tessv1,GDOR_SPB
158791304,tessv1,CONTACT_ROT
158791981,tessv1,GDOR_SPB
158792216,tessv1,GDOR_SPB
158793188,tessv1,APERIODIC
158794318,tessv1,GDOR_SPB
158794760,tessv1,CONTACT_ROT
158794962,tessv1,GDOR_SPB
158795583,tessv1,APERIODIC
158796245,tessv1,DSCT_BCEP
158796344,tessv1,APERIODIC
158836527,added_myself,SOLARLIKE
158836700,tessv1,APERIODIC
158836829,tessv1,SOLARLIKE
158837228,tessv1,CONTACT_ROT
158838334,tessv1,CONTACT_ROT
158839281,tessv1,DSCT_BCEP
158839697,tessv1,APERIODIC
158840157,added_myself,INSTRUMENT/JUNK
158840850,tessv1,CONTACT_ROT
158842091,tessv1,APERIODIC
158842945,added_myself,SOLARLIKE
158844163,tessv1,ECLIPSE
158920521,tessv1,CONTACT_ROT
158921487,tessv1,CONTACT_ROT
158922849,tessv1,DSCT_BCEP
158922896,tessv1,APERIODIC
158923334,tessv1,APERIODIC
158926506,tessv1,GDOR_SPB
158926835,tessv1,APERIODIC
158933315,tessv1,SOLARLIKE
158934973,tessv1,CONTACT_ROT
158935785,tessv1,DSCT_BCEP
158935890,tessv1,APERIODIC
158936104,tessv1,CONTACT_ROT
158936406,tessv1,ECLIPSE
158983374,tessv1,APERIODIC
158984226,tessv1,CONTACT_ROT
158984540,tessv1,ECLIPSE
158984684,tessv1,ECLIPSE
158984830,tessv1,CONTACT_ROT
158985044,added_myself,INSTRUMENT/JUNK
158985629,tessv1,SOLARLIKE
158986783,tessv1,SOLARLIKE
158988299,tessv1,CONTACT_ROT
158988347,tessv1,ECLIPSE
158988665,tessv1,CONTACT_ROT
158989661,tessv1,CONTACT_ROT
158991754,tessv1,GDOR_SPB
158992440,tessv1,DSCT_BCEP
158992937,tessv1,DSCT_BCEP
159044403,tessv1,CONTACT_ROT
159044536,tessv1,APERIODIC
159046704,tessv1,APERIODIC
159047480,tessv1,ECLIPSE
159047672,tessv1,ECLIPSE
159047696,added_myself,ECLIPSE
159047777,tessv1,CONTACT_ROT
159047881,tessv1,ECLIPSE
159048362,added_myself,INSTRUMENT/JUNK
159049894,tessv1,CONTACT_ROT
159050162,added_myself,SOLARLIKE
159050655,tessv1,DSCT_BCEP
159050937,tessv1,APERIODIC
159051423,tessv1,DSCT_BCEP
159051462,added_myself,SOLARLIKE
159052524,tessv1,APERIODIC
159052834,tessv1,SOLARLIKE
159053932,tessv1,CONTACT_ROT
159054689,added_myself,INSTRUMENT/JUNK
159097761,tessv1,CONTACT_ROT
159098424,tessv1,SOLARLIKE
159098464,tessv1,SOLARLIKE
159098705,tessv1,APERIODIC
159101456,tessv1,APERIODIC
159102838,tessv1,CONTACT_ROT
159105428,tessv1,CONTACT_ROT
159105439,tessv1,GDOR_SPB
159105713,tessv1,CONTACT_ROT
159105847,tessv1,CONTACT_ROT
159106392,tessv1,APERIODIC
159106514,tessv1,APERIODIC
159107517,tessv1,CONTACT_ROT
159108140,tessv1,CONTACT_ROT
159108460,tessv1,GDOR_SPB
159167036,added_myself,INSTRUMENT/JUNK
159171617,tessv1,CONTACT_ROT
159171870,added_myself,INSTRUMENT/JUNK
159173455,added_myself,SOLARLIKE
159176651,tessv1,CONTACT_ROT
159177104,tessv1,CONTACT_ROT
159177126,tessv1,CONTACT_ROT
159177250,added_myself,INSTRUMENT/JUNK
159177726,tessv1,CONTACT_ROT
159179382,tessv1,APERIODIC
159180123,tessv1,ECLIPSE
159204211,added_myself,CONTACT_ROT
159209100,added_myself,INSTRUMENT/JUNK
159213398,added_myself,SOLARLIKE
159219573,tessv1,CONTACT_ROT
159220329,tessv1,ECLIPSE
159220652,tessv1,ECLIPSE
159220694,tessv1,SOLARLIKE
159221085,tessv1,SOLARLIKE
159222057,tessv1,CONTACT_ROT
159224053,added_myself,CONTACT_ROT
159224771,tessv1,CONTACT_ROT
159225643,tessv1,RRLYR_CEPH
159240553,added_myself,SOLARLIKE
159287817,added_myself,INSTRUMENT/JUNK
159302474,added_myself,SOLARLIKE
159303691,tessv1,SOLARLIKE
159304708,tessv1,APERIODIC
159304959,added_myself,SOLARLIKE
159305535,tessv1,DSCT_BCEP
159306154,tessv1,ECLIPSE
159306495,tessv1,GDOR_SPB
159306583,tessv1,CONTACT_ROT
159307098,tessv1,DSCT_BCEP
159307460,tessv1,APERIODIC
159313706,added_myself,INSTRUMENT/JUNK
159331410,added_myself,INSTRUMENT/JUNK
159376078,tessv1,CONTACT_ROT
159377590,tessv1,DSCT_BCEP
159379875,tessv1,GDOR_SPB
159381825,tessv1,CONTACT_ROT
159382357,tessv1,ECLIPSE
159384799,added_myself,SOLARLIKE
159385305,tessv1,SOLARLIKE
159385652,tessv1,DSCT_BCEP
159386208,tessv1,ECLIPSE
159386347,tessv1,CONTACT_ROT
159387426,tessv1,CONTACT_ROT
159387771,tessv1,DSCT_BCEP
159391762,tessv1,CONTACT_ROT
159393357,tessv1,APERIODIC
159393798,tessv1,GDOR_SPB
159414801,added_myself,CONTACT_ROT
159416406,added_myself,SOLARLIKE
159417267,training_set_em1,GDOR_SPB
159418488,tessv2,RRLYR_CEPH
159440108,tessv1,CONTACT_ROT
159440115,tessv1,CONTACT_ROT
159440430,tessv1,CONTACT_ROT
159441863,tessv1,APERIODIC
159442571,tessv1,APERIODIC
159443386,tessv1,CONTACT_ROT
159443438,tessv1,DSCT_BCEP
159444013,tessv1,CONTACT_ROT
159447512,tessv1,GDOR_SPB
159449069,tessv1,CONTACT_ROT
159449689,added_myself,INSTRUMENT/JUNK
159450646,tessv1,GDOR_SPB
159450951,tessv1,CONTACT_ROT
159451061,tessv1,APERIODIC
159451847,added_myself,INSTRUMENT/JUNK
159464252,added_myself,INSTRUMENT/JUNK
159500760,added_myself,SOLARLIKE
159502465,training_set_em1,DSCT_BCEP
159511448,training_set_em1,GDOR_SPB
159512382,tessv1,APERIODIC
159513860,added_myself,INSTRUMENT/JUNK
159514206,tessv1,DSCT_BCEP
159516239,added_myself,INSTRUMENT/JUNK
159516315,tessv1,DSCT_BCEP
159517198,added_myself,DSCT_BCEP
159519448,tessv1,CONTACT_ROT
159521330,tessv1,CONTACT_ROT
159522276,tessv1,CONTACT_ROT
159527193,added_myself,CONTACT_ROT
159548989,added_myself,INSTRUMENT/JUNK
159572904,tessv1,RRLYR_CEPH
159573299,tessv1,ECLIPSE
159574309,tessv1,GDOR_SPB
159575008,tessv1,APERIODIC
159575477,tessv1,APERIODIC
159575722,tessv1,APERIODIC
159577231,added_myself,SOLARLIKE
159578254,tessv1,CONTACT_ROT
159578658,tessv1,CONTACT_ROT
159579660,added_myself,SOLARLIKE
159580190,tessv1,CONTACT_ROT
159580239,tessv1,CONTACT_ROT
159580386,tessv1,GDOR_SPB
159581333,tessv1,CONTACT_ROT
159586131,tessv2,RRLYR_CEPH
159613252,added_myself,INSTRUMENT/JUNK
159614070,added_myself,CONTACT_ROT
159628509,added_myself,INSTRUMENT/JUNK
159630621,added_myself,INSTRUMENT/JUNK
159643151,added_myself,INSTRUMENT/JUNK
159643569,tessv1,SOLARLIKE
159645582,added_myself,DSCT_BCEP
159645806,added_myself,DSCT_BCEP
159645932,tessv1,DSCT_BCEP
159647185,tessv1,DSCT_BCEP
159648620,tessv1,APERIODIC
159648685,tessv1,APERIODIC
159649251,tessv1,GDOR_SPB
159649380,tessv1,GDOR_SPB
159652665,tessv1,DSCT_BCEP
159652956,tessv1,DSCT_BCEP
159653259,tessv1,CONTACT_ROT
159653565,tessv1,APERIODIC
159715934,tessv1,DSCT_BCEP
159716491,tessv1,DSCT_BCEP
159716712,tessv1,DSCT_BCEP
159716883,tessv1,GDOR_SPB
159716970,tessv1,CONTACT_ROT
159717535,tessv1,CONTACT_ROT
159717574,tessv1,CONTACT_ROT
159719243,tessv1,ECLIPSE
159720778,tessv1,ECLIPSE
159720842,tessv1,GDOR_SPB
159720951,tessv1,ECLIPSE
159721454,added_myself,INSTRUMENT/JUNK
159721836,tessv1,DSCT_BCEP
159723119,tessv1,CONTACT_ROT
159723293,tessv1,CONTACT_ROT
159723444,tessv1,SOLARLIKE
159724811,added_myself,SOLARLIKE
159724819,added_myself,SOLARLIKE
159724845,added_myself,INSTRUMENT/JUNK
159727604,tessv1,APERIODIC
159763199,tessv1,DSCT_BCEP
159764598,tessv1,APERIODIC
159764793,tessv1,APERIODIC
159764929,tessv1,CONTACT_ROT
159765261,tessv1,DSCT_BCEP
159765265,added_myself,DSCT_BCEP
159766623,added_myself,CONTACT_ROT
159766814,added_myself,INSTRUMENT/JUNK
159768092,tessv1,DSCT_BCEP
160044919,added_myself,INSTRUMENT/JUNK
160099545,added_myself,ECLIPSE
160100406,added_myself,SOLARLIKE
160171645,added_myself,DSCT_BCEP
160172599,added_myself,DSCT_BCEP
160174344,added_myself,CONTACT_ROT
160253029,added_myself,SOLARLIKE
160254391,added_myself,DSCT_BCEP
160256018,added_myself,DSCT_BCEP
160258561,added_myself,ECLIPSE
160269843,added_myself,INSTRUMENT/JUNK
160310307,added_myself,INSTRUMENT/JUNK
160323116,tessv2,RRLYR_CEPH
160407847,added_myself,DSCT_BCEP
160409841,training_set_em1,GDOR_SPB
160418732,added_myself,SOLARLIKE
160419983,training_set_em1,DSCT_BCEP
160420957,added_myself,INSTRUMENT/JUNK
160422110,added_myself,SOLARLIKE
160422397,added_myself,CONTACT_ROT
160422923,added_myself,SOLARLIKE
160438564,added_myself,INSTRUMENT/JUNK
160439150,training_set_em1,GDOR_SPB
160472652,training_set_em1,DSCT_BCEP
160473885,training_set_em1,GDOR_SPB
160488715,added_myself,INSTRUMENT/JUNK
160488745,training_set_em1,DSCT_BCEP
160488788,training_set_em1,GDOR_SPB
160490168,training_set_em1,DSCT_BCEP
160490176,added_myself,SOLARLIKE
160490593,added_myself,CONTACT_ROT
160492905,added_myself,SOLARLIKE
160518383,added_myself,SOLARLIKE
160518835,added_myself,INSTRUMENT/JUNK
160519260,added_myself,SOLARLIKE
160520811,added_myself,CONTACT_ROT
160521128,added_myself,INSTRUMENT/JUNK
160533144,training_set_em1,GDOR_SPB
160590188,added_myself,CONTACT_ROT
160602772,training_set_em1,DSCT_BCEP
160603693,training_set_em1,GDOR_SPB
160603848,training_set_em1,GDOR_SPB
160722676,added_myself,INSTRUMENT/JUNK
160948241,added_myself,ECLIPSE
161090167,added_myself,INSTRUMENT/JUNK
161287066,added_myself,SOLARLIKE
161445099,added_myself,INSTRUMENT/JUNK
161621010,added_myself,CONTACT_ROT
161632027,added_myself,CONTACT_ROT
161807959,added_myself,INSTRUMENT/JUNK
161818690,added_myself,SOLARLIKE
161825753,added_myself,SOLARLIKE
161827120,tessv2,RRLYR_CEPH
161865220,added_myself,ECLIPSE
161866881,added_myself,DSCT_BCEP
161871212,added_myself,INSTRUMENT/JUNK
161922581,added_myself,ECLIPSE
162035879,added_myself,DSCT_BCEP
162038820,added_myself,SOLARLIKE
162039001,added_myself,INSTRUMENT/JUNK
162126256,added_myself,SOLARLIKE
162131019,added_myself,ECLIPSE
162237776,added_myself,CONTACT_ROT
162241476,added_myself,SOLARLIKE
162337815,added_myself,INSTRUMENT/JUNK
162387219,added_myself,INSTRUMENT/JUNK
162388735,added_myself,DSCT_BCEP
162457025,added_myself,SOLARLIKE
162488999,added_myself,ECLIPSE
162868257,added_myself,ECLIPSE
162908013,added_myself,INSTRUMENT/JUNK
162908686,added_myself,SOLARLIKE
163003772,added_myself,DSCT_BCEP
163157954,added_myself,ECLIPSE
163164782,added_myself,INSTRUMENT/JUNK
163239610,added_myself,SOLARLIKE
163242590,added_myself,ECLIPSE
163295611,added_myself,CONTACT_ROT
163374115,added_myself,INSTRUMENT/JUNK
163374522,added_myself,INSTRUMENT/JUNK
163475652,added_myself,DSCT_BCEP
163535709,added_myself,INSTRUMENT/JUNK
163617165,added_myself,INSTRUMENT/JUNK
163620391,added_myself,INSTRUMENT/JUNK
163688414,added_myself,DSCT_BCEP
163693817,added_myself,SOLARLIKE
163694946,added_myself,DSCT_BCEP
163698402,added_myself,CONTACT_ROT
163796107,added_myself,DSCT_BCEP
163905230,tessv2,RRLYR_CEPH
163909337,added_myself,INSTRUMENT/JUNK
163909397,added_myself,SOLARLIKE
163961183,added_myself,SOLARLIKE
163968208,added_myself,INSTRUMENT/JUNK
164049233,added_myself,INSTRUMENT/JUNK
164054151,added_myself,INSTRUMENT/JUNK
164407357,added_myself,INSTRUMENT/JUNK
164407449,tessv1,DSCT_BCEP
164407510,tessv1,CONTACT_ROT
164407868,tessv1,APERIODIC
164407977,added_myself,INSTRUMENT/JUNK
164409587,added_myself,INSTRUMENT/JUNK
164409673,added_myself,INSTRUMENT/JUNK
164409716,tessv1,DSCT_BCEP
164410867,tessv1,APERIODIC
164411305,tessv1,ECLIPSE
164413080,tessv1,ECLIPSE
164413193,tessv1,APERIODIC
164414084,tessv1,ECLIPSE
164414122,added_myself,INSTRUMENT/JUNK
164414255,added_myself,INSTRUMENT/JUNK
164414277,added_myself,INSTRUMENT/JUNK
164415549,added_myself,INSTRUMENT/JUNK
164415564,tessv1,DSCT_BCEP
164415700,tessv1,CONTACT_ROT
164415717,tessv1,CONTACT_ROT
164416580,tessv1,CONTACT_ROT
164416605,tessv1,APERIODIC
164456191,added_myself,INSTRUMENT/JUNK
164456199,tessv1,CONTACT_ROT
164456301,tessv1,GDOR_SPB
164458264,tessv1,DSCT_BCEP
164458296,added_myself,INSTRUMENT/JUNK
164458418,tessv1,CONTACT_ROT
164458726,tessv1,APERIODIC
164458744,tessv1,APERIODIC
164459693,tessv1,CONTACT_ROT
164459856,added_myself,INSTRUMENT/JUNK
164459911,tessv1,APERIODIC
164459972,tessv1,SOLARLIKE
164460175,added_myself,INSTRUMENT/JUNK
164460229,added_myself,INSTRUMENT/JUNK
164461124,tessv1,ECLIPSE
164461221,tessv1,APERIODIC
164461259,tessv1,APERIODIC
164463265,tessv1,APERIODIC
164463424,tessv1,APERIODIC
164463510,added_myself,INSTRUMENT/JUNK
164522746,tessv1,APERIODIC
164524544,tessv1,CONTACT_ROT
164525250,added_myself,INSTRUMENT/JUNK
164525288,tessv1,CONTACT_ROT
164525421,added_myself,INSTRUMENT/JUNK
164525449,tessv1,GDOR_SPB
164525829,tessv1,APERIODIC
164525837,tessv1,SOLARLIKE
164526246,tessv1,CONTACT_ROT
164527723,tessv1,ECLIPSE
164527774,tessv1,ECLIPSE
164528938,tessv1,APERIODIC
164529440,added_myself,INSTRUMENT/JUNK
164529461,added_myself,INSTRUMENT/JUNK
164529534,added_myself,INSTRUMENT/JUNK
164552476,added_myself,INSTRUMENT/JUNK
164552524,added_myself,INSTRUMENT/JUNK
164552685,added_myself,INSTRUMENT/JUNK
164552688,tessv1,CONTACT_ROT
164552880,tessv1,APERIODIC
164554329,tessv1,SOLARLIKE
164555168,tessv1,APERIODIC
164555437,tessv1,DSCT_BCEP
164555633,tessv1,CONTACT_ROT
164556589,added_myself,INSTRUMENT/JUNK
164557049,tessv1,SOLARLIKE
164557391,tessv1,APERIODIC
164557531,tessv1,ECLIPSE
164557976,added_myself,INSTRUMENT/JUNK
164558072,tessv1,ECLIPSE
164558419,added_myself,INSTRUMENT/JUNK
164558513,tessv1,APERIODIC
164558538,tessv1,GDOR_SPB
164559281,tessv1,APERIODIC
164559688,tessv1,CONTACT_ROT
164560269,added_myself,INSTRUMENT/JUNK
164643971,tessv1,APERIODIC
164644088,tessv1,CONTACT_ROT
164649596,tessv1,APERIODIC
164652798,tessv1,DSCT_BCEP
164654307,tessv1,DSCT_BCEP
164656504,added_myself,INSTRUMENT/JUNK
164656755,tessv1,GDOR_SPB
164657365,tessv1,APERIODIC
164657625,tessv1,APERIODIC
164657896,tessv1,APERIODIC
164657946,added_myself,INSTRUMENT/JUNK
164668244,added_myself,INSTRUMENT/JUNK
164670952,tessv1,APERIODIC
164671242,tessv1,SOLARLIKE
164671656,tessv1,CONTACT_ROT
164677147,tessv1,APERIODIC
164677239,tessv1,ECLIPSE
164678322,tessv1,APERIODIC
164721312,tessv1,ECLIPSE
164722818,tessv1,DSCT_BCEP
164723217,added_myself,INSTRUMENT/JUNK
164723837,tessv1,CONTACT_ROT
164723887,tessv1,APERIODIC
164725364,tessv1,SOLARLIKE
164725968,tessv1,SOLARLIKE
164727092,tessv1,APERIODIC
164727398,tessv1,SOLARLIKE
164727656,tessv1,ECLIPSE
164778191,tessv1,CONTACT_ROT
164778320,tessv1,SOLARLIKE
164778440,tessv1,DSCT_BCEP
164778976,tessv1,CONTACT_ROT
164779941,tessv1,APERIODIC
164780393,tessv1,DSCT_BCEP
164780645,tessv1,DSCT_BCEP
164781045,tessv1,ECLIPSE
164782264,tessv1,CONTACT_ROT
164783239,added_myself,INSTRUMENT/JUNK
164783284,tessv1,APERIODIC
164784299,tessv1,SOLARLIKE
164784457,tessv1,ECLIPSE
164784757,tessv1,APERIODIC
164785411,tessv1,SOLARLIKE
164785461,tessv1,APERIODIC
164785682,tessv1,SOLARLIKE
164785737,tessv1,APERIODIC
164785966,tessv1,SOLARLIKE
164786658,tessv1,APERIODIC
164787080,tessv1,APERIODIC
164830588,tessv1,SOLARLIKE
164830657,tessv1,SOLARLIKE
164830805,tessv1,ECLIPSE
164831218,tessv1,SOLARLIKE
164831316,tessv1,GDOR_SPB
164831853,tessv1,APERIODIC
164832575,tessv1,SOLARLIKE
164832774,tessv1,SOLARLIKE
164832914,tessv1,SOLARLIKE
164833847,tessv1,CONTACT_ROT
164835981,tessv1,DSCT_BCEP
164836002,tessv1,SOLARLIKE
164881765,tessv1,CONTACT_ROT
164882231,tessv1,APERIODIC
164882967,tessv1,APERIODIC
164883253,tessv1,CONTACT_ROT
164883339,tessv1,CONTACT_ROT
164883631,tessv1,SOLARLIKE
164883843,tessv1,ECLIPSE
164888198,tessv1,APERIODIC
164889269,tessv1,DSCT_BCEP
164889427,tessv1,APERIODIC
164889660,tessv1,CONTACT_ROT
164889925,tessv1,APERIODIC
164889928,tessv1,CONTACT_ROT
164890907,tessv1,SOLARLIKE
164891275,tessv1,CONTACT_ROT
164891316,tessv1,CONTACT_ROT
164891334,tessv1,SOLARLIKE
164892045,tessv1,APERIODIC
164892181,tessv1,SOLARLIKE
165008458,tessv2,RRLYR_CEPH
165012194,added_myself,INSTRUMENT/JUNK
165012710,tessv2,RRLYR_CEPH
165250976,added_myself,DSCT_BCEP
165286106,added_myself,INSTRUMENT/JUNK
165305498,training_set_em1,DSCT_BCEP
165305626,training_set_em1,DSCT_BCEP
165305712,training_set_em1,GDOR_SPB
165309856,added_myself,INSTRUMENT/JUNK
165311740,added_myself,SOLARLIKE
165442907,added_myself,ECLIPSE
165448405,added_myself,INSTRUMENT/JUNK
165449080,added_myself,INSTRUMENT/JUNK
165498393,training_set_em1,GDOR_SPB
165499444,training_set_em1,GDOR_SPB
165500899,training_set_em1,GDOR_SPB
165501020,added_myself,CONTACT_ROT
165502479,training_set_em1,DSCT_BCEP
165531514,added_myself,ECLIPSE
165550475,training_set_em1,DSCT_BCEP
165552176,added_myself,INSTRUMENT/JUNK
165601665,added_myself,INSTRUMENT/JUNK
165614082,added_myself,INSTRUMENT/JUNK
165626327,tessv2,RRLYR_CEPH
165642663,tessv2,RRLYR_CEPH
165657277,added_myself,INSTRUMENT/JUNK
165659545,added_myself,INSTRUMENT/JUNK
165672073,added_myself,CONTACT_ROT
165675406,added_myself,INSTRUMENT/JUNK
165689226,added_myself,INSTRUMENT/JUNK
165689931,added_myself,CONTACT_ROT
165863277,added_myself,INSTRUMENT/JUNK
165864368,added_myself,INSTRUMENT/JUNK
166004276,added_myself,INSTRUMENT/JUNK
166086963,added_myself,SOLARLIKE
166090706,tessv2,RRLYR_CEPH
166102132,added_myself,DSCT_BCEP
166151222,added_myself,INSTRUMENT/JUNK
166177375,added_myself,INSTRUMENT/JUNK
166178258,added_myself,SOLARLIKE
166347810,added_myself,INSTRUMENT/JUNK
166349567,added_myself,ECLIPSE
166358823,added_myself,CONTACT_ROT
166429569,tessv2,RRLYR_CEPH
166636745,added_myself,ECLIPSE
166640070,added_myself,CONTACT_ROT
166685415,added_myself,DSCT_BCEP
166774957,added_myself,DSCT_BCEP
166776923,added_myself,INSTRUMENT/JUNK
166778189,added_myself,INSTRUMENT/JUNK
167013680,added_myself,DSCT_BCEP
167092782,added_myself,ECLIPSE
167104399,tessv2,RRLYR_CEPH
167187181,added_myself,DSCT_BCEP
167242190,added_myself,DSCT_BCEP
167316002,added_myself,CONTACT_ROT
167318807,added_myself,CONTACT_ROT
167400865,added_myself,CONTACT_ROT
167401930,added_myself,CONTACT_ROT
167563764,added_myself,CONTACT_ROT
168810475,tessv1,APERIODIC
168811267,tessv1,CONTACT_ROT
168811530,tessv1,DSCT_BCEP
168812450,added_myself,DSCT_BCEP
168814231,tessv1,APERIODIC
168815667,tessv1,APERIODIC
168816791,tessv1,APERIODIC
168817014,tessv1,DSCT_BCEP
168817267,tessv1,DSCT_BCEP
169078762,tessv1,CONTACT_ROT
169079394,tessv1,CONTACT_ROT
169081008,tessv1,APERIODIC
169081194,tessv1,CONTACT_ROT
169082892,tessv1,APERIODIC
169083993,tessv1,APERIODIC
169084860,tessv1,DSCT_BCEP
169085100,tessv1,APERIODIC
169175138,tessv1,SOLARLIKE
169175272,tessv1,GDOR_SPB
169175441,tessv1,CONTACT_ROT
169176333,tessv1,GDOR_SPB
169176701,tessv1,APERIODIC
169176979,tessv1,APERIODIC
169177291,tessv1,CONTACT_ROT
169178120,tessv1,SOLARLIKE
169178403,tessv1,SOLARLIKE
169178918,tessv1,GDOR_SPB
169179350,tessv1,DSCT_BCEP
169179596,tessv1,SOLARLIKE
169181296,tessv1,CONTACT_ROT
169181417,added_myself,DSCT_BCEP
169182061,tessv1,SOLARLIKE
169182190,tessv1,CONTACT_ROT
169182654,tessv1,CONTACT_ROT
169183754,tessv1,DSCT_BCEP
169183788,added_myself,INSTRUMENT/JUNK
169455868,tessv1,DSCT_BCEP
169456152,tessv1,APERIODIC
169456697,tessv1,APERIODIC
169456938,tessv1,ECLIPSE
169459053,tessv1,DSCT_BCEP
169459841,tessv1,DSCT_BCEP
169461172,tessv1,DSCT_BCEP
169461359,tessv1,GDOR_SPB
169463029,tessv1,ECLIPSE
169463844,tessv1,SOLARLIKE
169464055,tessv1,APERIODIC
169464697,tessv1,SOLARLIKE
169464993,tessv1,DSCT_BCEP
169467727,tessv1,ECLIPSE
169556203,tessv1,APERIODIC
169556489,tessv1,CONTACT_ROT
169556656,tessv1,DSCT_BCEP
169558629,tessv1,DSCT_BCEP
169560376,tessv1,CONTACT_ROT
169560536,tessv1,APERIODIC
169561977,tessv1,APERIODIC
169562202,tessv1,SOLARLIKE
169562564,tessv1,APERIODIC
169810645,tessv2,RRLYR_CEPH
169812876,tessv1,GDOR_SPB
169812989,tessv1,DSCT_BCEP
169814134,tessv1,CONTACT_ROT
169814566,tessv1,APERIODIC
169814740,tessv1,CONTACT_ROT
169816446,tessv1,CONTACT_ROT
169817473,added_myself,INSTRUMENT/JUNK
169820068,tessv1,ECLIPSE
169820711,tessv1,ECLIPSE
169820771,tessv1,APERIODIC
169820995,tessv1,ECLIPSE
169821432,tessv1,DSCT_BCEP
169822548,tessv1,ECLIPSE
169824160,tessv1,CONTACT_ROT
169928311,tessv1,APERIODIC
169930298,tessv1,APERIODIC
169930439,tessv1,APERIODIC
169930528,tessv1,APERIODIC
169930760,tessv1,APERIODIC
169931064,tessv1,GDOR_SPB
169931429,tessv1,DSCT_BCEP
169931561,tessv1,ECLIPSE
169933118,tessv1,ECLIPSE
169937348,added_myself,INSTRUMENT/JUNK
170232686,tessv1,ECLIPSE
170234261,tessv1,CONTACT_ROT
170236223,tessv1,DSCT_BCEP
170237989,tessv1,GDOR_SPB
170241669,added_myself,INSTRUMENT/JUNK
170242015,tessv1,APERIODIC
170242277,tessv1,SOLARLIKE
170244079,tessv1,APERIODIC
170245643,tessv1,CONTACT_ROT
170246850,tessv1,ECLIPSE
170247274,tessv1,CONTACT_ROT
170250585,tessv1,APERIODIC
170253503,tessv1,DSCT_BCEP
170253873,tessv1,ECLIPSE
170255758,added_myself,INSTRUMENT/JUNK
170344617,tessv1,DSCT_BCEP
170344769,tessv1,ECLIPSE
170345008,tessv1,CONTACT_ROT
170345331,tessv1,APERIODIC
170345482,tessv1,DSCT_BCEP
170345837,tessv1,GDOR_SPB
170345966,tessv1,CONTACT_ROT
170347004,tessv1,GDOR_SPB
170347611,tessv1,ECLIPSE
170348517,tessv1,APERIODIC
170358248,added_myself,INSTRUMENT/JUNK
170360733,added_myself,SOLARLIKE
170565435,added_myself,ECLIPSE
170640902,added_myself,DSCT_BCEP
170644236,tessv1,DSCT_BCEP
170644380,tessv1,GDOR_SPB
170645333,tessv1,APERIODIC
170646337,tessv1,APERIODIC
170647339,tessv1,APERIODIC
170647542,tessv1,DSCT_BCEP
170648352,tessv1,APERIODIC
170648666,tessv1,GDOR_SPB
170648886,tessv1,ECLIPSE
170650151,added_myself,SOLARLIKE
170651448,added_myself,INSTRUMENT/JUNK
170651629,tessv1,SOLARLIKE
170651852,tessv1,DSCT_BCEP
170651854,tessv1,GDOR_SPB
170653623,tessv1,APERIODIC
170653897,tessv1,GDOR_SPB
170653927,tessv1,GDOR_SPB
170654042,tessv1,APERIODIC
170732910,tessv1,CONTACT_ROT
170733103,tessv1,APERIODIC
170733279,tessv1,CONTACT_ROT
170734156,tessv1,DSCT_BCEP
170734207,tessv1,GDOR_SPB
170734431,tessv1,APERIODIC
170734457,tessv1,CONTACT_ROT
170735559,tessv1,APERIODIC
170735592,tessv1,ECLIPSE
170736054,tessv1,APERIODIC
170736268,tessv1,APERIODIC
170736659,tessv1,APERIODIC
170737999,tessv1,DSCT_BCEP
170738490,tessv1,APERIODIC
170738937,added_myself,INSTRUMENT/JUNK
170739287,tessv1,CONTACT_ROT
170739582,tessv1,APERIODIC
170740143,tessv1,ECLIPSE
170936800,added_myself,ECLIPSE
171021525,added_myself,CONTACT_ROT
171025409,tessv1,APERIODIC
171025934,tessv1,GDOR_SPB
171029186,tessv1,ECLIPSE
171029818,tessv1,GDOR_SPB
171029869,tessv1,DSCT_BCEP
171029896,tessv1,GDOR_SPB
171030389,tessv1,CONTACT_ROT
171030876,tessv1,APERIODIC
171088966,tessv1,APERIODIC
171089990,added_myself,SOLARLIKE
171090109,tessv1,CONTACT_ROT
171090361,tessv1,APERIODIC
171090898,tessv1,DSCT_BCEP
171091307,tessv1,APERIODIC
171091650,tessv1,APERIODIC
171093001,tessv1,ECLIPSE
171093345,tessv1,GDOR_SPB
171094123,tessv1,ECLIPSE
171096742,tessv1,APERIODIC
171097823,tessv1,APERIODIC
171097946,tessv1,CONTACT_ROT
171098796,tessv1,GDOR_SPB
171098797,tessv1,GDOR_SPB
171099015,tessv1,CONTACT_ROT
171099338,tessv1,DSCT_BCEP
171099491,tessv1,APERIODIC
171099735,tessv1,APERIODIC
171099792,tessv1,DSCT_BCEP
171100515,tessv1,ECLIPSE
171191975,added_myself,INSTRUMENT/JUNK
171501523,tessv1,APERIODIC
171501982,tessv1,APERIODIC
171502208,tessv1,CONTACT_ROT
171502734,tessv1,ECLIPSE
171503646,tessv1,GDOR_SPB
171506371,tessv1,APERIODIC
171510498,added_myself,INSTRUMENT/JUNK
171513422,tessv1,APERIODIC
171514006,tessv1,APERIODIC
171514594,tessv1,CONTACT_ROT
171581604,tessv1,DSCT_BCEP
171584999,tessv1,DSCT_BCEP
171785712,added_myself,CONTACT_ROT
171875551,added_myself,INSTRUMENT/JUNK
171878124,tessv1,GDOR_SPB
171878141,added_myself,CONTACT_ROT
171878296,tessv1,CONTACT_ROT
171878908,tessv1,APERIODIC
171879034,tessv1,APERIODIC
171879604,tessv1,ECLIPSE
171879824,tessv1,ECLIPSE
171879947,tessv1,APERIODIC
171881259,tessv1,DSCT_BCEP
171882009,tessv1,ECLIPSE
171882709,tessv1,CONTACT_ROT
171884740,added_myself,ECLIPSE
171967973,tessv1,APERIODIC
171968838,tessv1,CONTACT_ROT
171969028,tessv1,APERIODIC
171972053,tessv1,APERIODIC
171972067,tessv1,CONTACT_ROT
171972661,tessv1,CONTACT_ROT
171975736,tessv1,CONTACT_ROT
172066608,tessv2,RRLYR_CEPH
172069841,added_myself,DSCT_BCEP
172178010,added_myself,DSCT_BCEP
172190704,added_myself,INSTRUMENT/JUNK
172261041,added_myself,INSTRUMENT/JUNK
172262736,added_myself,SOLARLIKE
172268354,added_myself,DSCT_BCEP
172372911,added_myself,INSTRUMENT/JUNK
172373195,tessv1,GDOR_SPB
172373835,tessv1,DSCT_BCEP
172374338,tessv1,SOLARLIKE
172375484,tessv1,DSCT_BCEP
172375624,tessv1,APERIODIC
172375718,tessv1,CONTACT_ROT
172384663,tessv1,DSCT_BCEP
172422382,tessv1,APERIODIC
172422394,tessv1,ECLIPSE
172422432,tessv1,ECLIPSE
172423068,tessv1,APERIODIC
172424462,tessv1,APERIODIC
172430303,added_myself,DSCT_BCEP
172562265,added_myself,INSTRUMENT/JUNK
172681272,added_myself,ECLIPSE
172690105,added_myself,ECLIPSE
172694179,added_myself,CONTACT_ROT
172758440,added_myself,DSCT_BCEP
172769003,added_myself,DSCT_BCEP
172770592,tessv1,CONTACT_ROT
172771497,tessv1,CONTACT_ROT
172871334,added_myself,CONTACT_ROT
172876523,tessv1,APERIODIC
172877174,tessv1,APERIODIC
172877273,tessv1,APERIODIC
172877901,tessv1,ECLIPSE
172877929,tessv1,CONTACT_ROT
180760044,tessv2,RRLYR_CEPH
180767158,tessv2,RRLYR_CEPH
184008771,tessv1,ECLIPSE
184010005,tessv1,ECLIPSE
184010056,added_myself,ECLIPSE
184010490,added_myself,INSTRUMENT/JUNK
184085782,tessv1,CONTACT_ROT
184086420,added_myself,INSTRUMENT/JUNK
184086742,tessv1,GDOR_SPB
184088651,tessv1,GDOR_SPB
184089092,tessv1,CONTACT_ROT
184090959,tessv1,GDOR_SPB
184091186,tessv1,CONTACT_ROT
184091842,tessv1,CONTACT_ROT
184162394,added_myself,INSTRUMENT/JUNK
184163301,tessv1,CONTACT_ROT
184166857,tessv1,CONTACT_ROT
184246521,tessv1,ECLIPSE
184247619,added_myself,INSTRUMENT/JUNK
184248389,added_myself,INSTRUMENT/JUNK
184250727,tessv1,APERIODIC
184253096,tessv1,CONTACT_ROT
184253728,tessv1,CONTACT_ROT
184298625,tessv1,ECLIPSE
184302985,tessv2,RRLYR_CEPH
184419083,tessv1,CONTACT_ROT
184420070,added_myself,SOLARLIKE
184422233,added_myself,INSTRUMENT/JUNK
184423354,tessv1,SOLARLIKE
184423585,tessv1,APERIODIC
184423924,tessv1,CONTACT_ROT
184426231,tessv1,APERIODIC
184426237,tessv1,APERIODIC
184427070,tessv1,GDOR_SPB
184427844,tessv1,DSCT_BCEP
184427953,tessv1,ECLIPSE
184428369,tessv1,DSCT_BCEP
184428572,tessv1,DSCT_BCEP
184471151,tessv1,ECLIPSE
184554852,tessv1,CONTACT_ROT
184557266,added_myself,CONTACT_ROT
184557976,added_myself,INSTRUMENT/JUNK
184559717,tessv1,DSCT_BCEP
184559947,tessv1,DSCT_BCEP
184560662,tessv1,APERIODIC
184561208,added_myself,INSTRUMENT/JUNK
184561514,tessv1,CONTACT_ROT
184562187,tessv1,APERIODIC
184562311,tessv1,APERIODIC
184562667,tessv1,GDOR_SPB
184562770,tessv1,CONTACT_ROT
184939645,added_myself,SOLARLIKE
184941584,added_myself,INSTRUMENT/JUNK
184945554,tessv1,SOLARLIKE
184945967,tessv1,GDOR_SPB
184946702,added_myself,SOLARLIKE
184946767,tessv1,APERIODIC
184947688,tessv1,GDOR_SPB
184947728,tessv1,DSCT_BCEP
184997977,tessv1,CONTACT_ROT
184998207,tessv1,GDOR_SPB
184998343,tessv1,DSCT_BCEP
184998729,tessv1,ECLIPSE
184998731,tessv1,ECLIPSE
185057460,tessv1,DSCT_BCEP
185057608,tessv1,SOLARLIKE
185057693,tessv1,GDOR_SPB
185057721,tessv1,DSCT_BCEP
185057845,tessv1,CONTACT_ROT
185057967,added_myself,DSCT_BCEP
185058038,tessv1,DSCT_BCEP
185058275,tessv1,GDOR_SPB
185058326,tessv1,ECLIPSE
185058375,tessv1,CONTACT_ROT
185058529,tessv1,DSCT_BCEP
185058967,tessv1,DSCT_BCEP
185059488,tessv1,ECLIPSE
185060303,tessv1,APERIODIC
185060842,tessv1,ECLIPSE
185061104,tessv1,DSCT_BCEP
185061166,tessv1,APERIODIC
185061221,tessv1,ECLIPSE
185061770,tessv1,ECLIPSE
185062392,tessv1,DSCT_BCEP
185067402,added_myself,ECLIPSE
185068991,added_myself,SOLARLIKE
185107796,tessv1,DSCT_BCEP
185109604,tessv1,DSCT_BCEP
185109812,tessv1,DSCT_BCEP
185109870,tessv1,ECLIPSE
185110236,tessv1,GDOR_SPB
185113053,added_myself,INSTRUMENT/JUNK
185177705,added_myself,SOLARLIKE
185178634,added_myself,SOLARLIKE
185184344,tessv1,CONTACT_ROT
185184597,tessv1,APERIODIC
185186015,added_myself,DSCT_BCEP
185186149,tessv1,ECLIPSE
185186645,tessv1,ECLIPSE
185186724,tessv1,APERIODIC
185187072,added_myself,SOLARLIKE
185232594,added_myself,DSCT_BCEP
185286922,tessv1,CONTACT_ROT
185295114,added_myself,ECLIPSE
185331435,added_myself,SOLARLIKE
185332156,added_myself,ECLIPSE
185334986,added_myself,DSCT_BCEP
185339705,added_myself,SOLARLIKE
185403994,added_myself,SOLARLIKE
185405104,added_myself,SOLARLIKE
185408547,added_myself,INSTRUMENT/JUNK
185450699,added_myself,INSTRUMENT/JUNK
185460889,added_myself,CONTACT_ROT
185485572,added_myself,INSTRUMENT/JUNK
185497501,added_myself,SOLARLIKE
185606412,added_myself,CONTACT_ROT
185606695,added_myself,SOLARLIKE
185675018,added_myself,INSTRUMENT/JUNK
185675925,added_myself,SOLARLIKE
185844108,added_myself,INSTRUMENT/JUNK
185845821,added_myself,INSTRUMENT/JUNK
185848852,added_myself,INSTRUMENT/JUNK
185880465,added_myself,INSTRUMENT/JUNK
185991211,added_myself,DSCT_BCEP
185997473,added_myself,DSCT_BCEP
185998425,added_myself,SOLARLIKE
185998802,added_myself,INSTRUMENT/JUNK
186048820,added_myself,CONTACT_ROT
186131147,added_myself,SOLARLIKE
186134478,added_myself,SOLARLIKE
186139100,added_myself,INSTRUMENT/JUNK
186140080,added_myself,INSTRUMENT/JUNK
186179524,added_myself,SOLARLIKE
186256019,added_myself,DSCT_BCEP
187784526,added_myself,INSTRUMENT/JUNK
187823300,added_myself,CONTACT_ROT
187831032,added_myself,CONTACT_ROT
187877092,added_myself,INSTRUMENT/JUNK
188106604,added_myself,INSTRUMENT/JUNK
188109542,added_myself,INSTRUMENT/JUNK
188200318,added_myself,INSTRUMENT/JUNK
188263649,added_myself,INSTRUMENT/JUNK
188367865,added_myself,DSCT_BCEP
188527686,added_myself,INSTRUMENT/JUNK
188606150,added_myself,CONTACT_ROT
188633014,training_set_em1,DSCT_BCEP
188657415,added_myself,DSCT_BCEP
188820342,training_set_em1,DSCT_BCEP
188825643,tessv2,RRLYR_CEPH
188898058,added_myself,INSTRUMENT/JUNK
190380442,added_myself,INSTRUMENT/JUNK
190430975,added_myself,INSTRUMENT/JUNK
190489766,added_myself,CONTACT_ROT
190685903,added_myself,DSCT_BCEP
190695807,added_myself,CONTACT_ROT
190917124,added_myself,INSTRUMENT/JUNK
193037069,added_myself,INSTRUMENT/JUNK
193098622,added_myself,CONTACT_ROT
193103586,added_myself,DSCT_BCEP
193104707,added_myself,INSTRUMENT/JUNK
193105412,added_myself,INSTRUMENT/JUNK
193288539,added_myself,INSTRUMENT/JUNK
193329354,added_myself,INSTRUMENT/JUNK
193331599,added_myself,SOLARLIKE
193481136,added_myself,SOLARLIKE
193540460,added_myself,SOLARLIKE
193540462,added_myself,SOLARLIKE
193541615,added_myself,DSCT_BCEP
193541684,added_myself,INSTRUMENT/JUNK
193550520,added_myself,DSCT_BCEP
193607811,added_myself,DSCT_BCEP
193619671,added_myself,DSCT_BCEP
193620393,added_myself,DSCT_BCEP
193705914,added_myself,DSCT_BCEP
193755437,added_myself,INSTRUMENT/JUNK
193756472,added_myself,INSTRUMENT/JUNK
193763783,added_myself,INSTRUMENT/JUNK
193771902,tessv2,RRLYR_CEPH
193805975,added_myself,INSTRUMENT/JUNK
193811964,added_myself,ECLIPSE
193853188,added_myself,INSTRUMENT/JUNK
193861663,added_myself,INSTRUMENT/JUNK
193862855,added_myself,DSCT_BCEP
193878729,tessv2,RRLYR_CEPH
193896997,added_myself,CONTACT_ROT
193983304,added_myself,INSTRUMENT/JUNK
193986467,added_myself,INSTRUMENT/JUNK
194036404,added_myself,INSTRUMENT/JUNK
194048731,added_myself,INSTRUMENT/JUNK
194050823,added_myself,INSTRUMENT/JUNK
194052323,added_myself,DSCT_BCEP
194074351,added_myself,INSTRUMENT/JUNK
194082857,added_myself,DSCT_BCEP
194083881,added_myself,CONTACT_ROT
194136968,added_myself,ECLIPSE
194313506,added_myself,CONTACT_ROT
194429848,added_myself,CONTACT_ROT
194948234,added_myself,SOLARLIKE
195210026,added_myself,DSCT_BCEP
195261586,added_myself,INSTRUMENT/JUNK
195276362,added_myself,SOLARLIKE
195443865,added_myself,DSCT_BCEP
195456081,added_myself,INSTRUMENT/JUNK
195478730,added_myself,DSCT_BCEP
195587833,tessv2,RRLYR_CEPH
195851882,added_myself,CONTACT_ROT
195969573,tessv2,RRLYR_CEPH
196052962,added_myself,INSTRUMENT/JUNK
196216029,added_myself,DSCT_BCEP
196217404,added_myself,CONTACT_ROT
198101227,added_myself,INSTRUMENT/JUNK
198159950,training_set_em1,DSCT_BCEP
198177075,added_myself,SOLARLIKE
198177398,training_set_em1,GDOR_SPB
198179969,training_set_em1,DSCT_BCEP
198181228,added_myself,CONTACT_ROT
198182461,added_myself,INSTRUMENT/JUNK
198182825,training_set_em1,GDOR_SPB
198184659,added_myself,SOLARLIKE
198185694,added_myself,INSTRUMENT/JUNK
198188047,training_set_em1,GDOR_SPB
198188973,training_set_em1,GDOR_SPB
198189129,added_myself,INSTRUMENT/JUNK
198190160,training_set_em1,DSCT_BCEP
198204303,training_set_em1,CONTACT_ROT
198212848,added_myself,INSTRUMENT/JUNK
198237000,added_myself,INSTRUMENT/JUNK
198238093,tessv2,RRLYR_CEPH
198239094,training_set_em1,GDOR_SPB
198278159,training_set_em1,GDOR_SPB
198278760,training_set_em1,DSCT_BCEP
198279224,added_myself,SOLARLIKE
198317654,added_myself,SOLARLIKE
198360008,training_set_em1,CONTACT_ROT
198361430,added_myself,CONTACT_ROT
198383073,training_set_em1,DSCT_BCEP
198386238,training_set_em1,DSCT_BCEP
198391002,training_set_em1,GDOR_SPB
198391051,training_set_em1,DSCT_BCEP
198417168,added_myself,INSTRUMENT/JUNK
198419742,training_set_em1,GDOR_SPB
198456033,training_set_em1,DSCT_BCEP
198457096,tessv2,RRLYR_CEPH
198457285,added_myself,INSTRUMENT/JUNK
198458462,training_set_em1,CONTACT_ROT
198512515,added_myself,SOLARLIKE
198516246,training_set_em1,DSCT_BCEP
198536181,training_set_em1,GDOR_SPB
198934940,added_myself,ECLIPSE
198994484,added_myself,SOLARLIKE
198999645,added_myself,CONTACT_ROT
199279002,added_myself,DSCT_BCEP
199374814,added_myself,ECLIPSE
199383817,added_myself,INSTRUMENT/JUNK
199418105,added_myself,SOLARLIKE
199430391,added_myself,INSTRUMENT/JUNK
199457164,added_myself,DSCT_BCEP
199522478,training_set_em1,CONTACT_ROT
199525705,added_myself,INSTRUMENT/JUNK
199547605,training_set_em1,DSCT_BCEP
199548206,training_set_em1,CONTACT_ROT
199549411,added_myself,INSTRUMENT/JUNK
199608291,tessv2,RRLYR_CEPH
199618542,training_set_em1,CONTACT_ROT
199632300,training_set_em1,GDOR_SPB
199635160,training_set_em1,CONTACT_ROT
199662435,training_set_em1,DSCT_BCEP
199663359,training_set_em1,DSCT_BCEP
199666092,added_myself,SOLARLIKE
199687298,training_set_em1,GDOR_SPB
199708697,training_set_em1,CONTACT_ROT
199710599,tessv2,RRLYR_CEPH
199714030,training_set_em1,DSCT_BCEP
202295962,tessv2,RRLYR_CEPH
202353950,training_set_em1,GDOR_SPB
202384327,added_myself,INSTRUMENT/JUNK
202384939,added_myself,CONTACT_ROT
202420764,added_myself,INSTRUMENT/JUNK
202421931,added_myself,CONTACT_ROT
202427608,added_myself,INSTRUMENT/JUNK
202489734,added_myself,INSTRUMENT/JUNK
202506233,added_myself,SOLARLIKE
202556258,added_myself,SOLARLIKE
202683749,added_myself,CONTACT_ROT
202748410,added_myself,INSTRUMENT/JUNK
202759289,added_myself,INSTRUMENT/JUNK
202880838,added_myself,DSCT_BCEP
202937394,added_myself,INSTRUMENT/JUNK
202946702,added_myself,ECLIPSE
202986666,added_myself,DSCT_BCEP
203044680,added_myself,INSTRUMENT/JUNK
203189624,added_myself,INSTRUMENT/JUNK
207425445,training_set_em1,GDOR_SPB
207431983,training_set_em1,GDOR_SPB
207432481,added_myself,INSTRUMENT/JUNK
207463256,tessv2,RRLYR_CEPH
207467389,training_set_em1,GDOR_SPB
207490706,training_set_em1,GDOR_SPB
207490896,training_set_em1,GDOR_SPB
207490980,training_set_em1,GDOR_SPB
207493367,added_myself,INSTRUMENT/JUNK
207497680,added_myself,INSTRUMENT/JUNK
210264728,added_myself,INSTRUMENT/JUNK
210347073,added_myself,DSCT_BCEP
210401457,added_myself,SOLARLIKE
210403227,added_myself,ECLIPSE
214688544,tessv2,RRLYR_CEPH
219002885,added_myself,INSTRUMENT/JUNK
219009760,added_myself,SOLARLIKE
219037810,added_myself,INSTRUMENT/JUNK
219092124,training_set_em1,GDOR_SPB
219092312,training_set_em1,DSCT_BCEP
219099369,training_set_em1,GDOR_SPB
219099807,training_set_em1,GDOR_SPB
219100225,added_myself,INSTRUMENT/JUNK
219100626,training_set_em1,DSCT_BCEP
219100742,added_myself,INSTRUMENT/JUNK
219101027,added_myself,INSTRUMENT/JUNK
219102251,added_myself,ECLIPSE
219102650,training_set_em1,DSCT_BCEP
219105073,training_set_em1,GDOR_SPB
219105196,added_myself,INSTRUMENT/JUNK
219108429,training_set_em1,DSCT_BCEP
219109383,added_myself,SOLARLIKE
219110898,training_set_em1,GDOR_SPB
219111412,training_set_em1,GDOR_SPB
219114200,added_myself,CONTACT_ROT
219114282,added_myself,SOLARLIKE
219115213,training_set_em1,GDOR_SPB
219116759,added_myself,SOLARLIKE
219117525,training_set_em1,GDOR_SPB
219117614,added_myself,SOLARLIKE
219429236,training_set_em1,DSCT_BCEP
219461616,added_myself,INSTRUMENT/JUNK
219463788,added_myself,CONTACT_ROT
219463847,added_myself,INSTRUMENT/JUNK
219467045,added_myself,INSTRUMENT/JUNK
219733262,training_set_em1,GDOR_SPB
219741233,training_set_em1,CONTACT_ROT
219742325,training_set_em1,GDOR_SPB
219751898,added_myself,INSTRUMENT/JUNK
219753795,added_myself,SOLARLIKE
219754703,training_set_em1,GDOR_SPB
219755791,training_set_em1,DSCT_BCEP
219758158,training_set_em1,GDOR_SPB
219762921,training_set_em1,CONTACT_ROT
219763163,training_set_em1,CONTACT_ROT
219766563,added_myself,INSTRUMENT/JUNK
219772324,training_set_em1,DSCT_BCEP
219776919,training_set_em1,DSCT_BCEP
219779731,training_set_em1,DSCT_BCEP
219785527,added_myself,INSTRUMENT/JUNK
219785910,training_set_em1,GDOR_SPB
219790039,training_set_em1,DSCT_BCEP
219791433,training_set_em1,GDOR_SPB
219795004,added_myself,INSTRUMENT/JUNK
219797022,tessv2,RRLYR_CEPH
219800217,training_set_em1,GDOR_SPB
219802019,training_set_em1,GDOR_SPB
219804674,training_set_em1,DSCT_BCEP
219805793,training_set_em1,DSCT_BCEP
219808952,added_myself,INSTRUMENT/JUNK
219810122,training_set_em1,DSCT_BCEP
219813270,added_myself,INSTRUMENT/JUNK
219814684,training_set_em1,GDOR_SPB
219815316,added_myself,INSTRUMENT/JUNK
219820925,training_set_em1,DSCT_BCEP
219821979,training_set_em1,GDOR_SPB
219822721,training_set_em1,GDOR_SPB
219824291,added_myself,INSTRUMENT/JUNK
219845931,training_set_em1,DSCT_BCEP
219845976,added_myself,INSTRUMENT/JUNK
219847692,training_set_em1,DSCT_BCEP
219848925,training_set_em1,DSCT_BCEP
219853150,training_set_em1,DSCT_BCEP
219853206,training_set_em1,GDOR_SPB
219853710,added_myself,INSTRUMENT/JUNK
219854381,training_set_em1,GDOR_SPB
219855255,training_set_em1,GDOR_SPB
219856875,added_myself,SOLARLIKE
219857209,added_myself,ECLIPSE
219858911,added_myself,INSTRUMENT/JUNK
219861551,training_set_em1,DSCT_BCEP
219863124,tessv2,RRLYR_CEPH
219865895,training_set_em1,GDOR_SPB
219867155,added_myself,INSTRUMENT/JUNK
219867329,added_myself,ECLIPSE
219867827,training_set_em1,GDOR_SPB
219868236,added_myself,INSTRUMENT/JUNK
219869224,training_set_em1,GDOR_SPB
219876378,tessv2,RRLYR_CEPH
219877043,training_set_em1,CONTACT_ROT
219880891,training_set_em1,GDOR_SPB
219884723,training_set_em1,GDOR_SPB
219884807,training_set_em1,DSCT_BCEP
219885107,training_set_em1,DSCT_BCEP
219892485,training_set_em1,DSCT_BCEP
219893380,training_set_em1,CONTACT_ROT
219893626,added_myself,CONTACT_ROT
219893630,training_set_em1,CONTACT_ROT
219895785,added_myself,SOLARLIKE
219897051,training_set_em1,DSCT_BCEP
219897898,training_set_em1,DSCT_BCEP
219899759,training_set_em1,DSCT_BCEP
224292842,added_myself,INSTRUMENT/JUNK
224297142,tessv2,RRLYR_CEPH
224304240,added_myself,INSTRUMENT/JUNK
224313018,tessv2,RRLYR_CEPH
224596349,training_set_em1,DSCT_BCEP
224600171,added_myself,SOLARLIKE
224607716,training_set_em1,CONTACT_ROT
224613960,added_myself,SOLARLIKE
224647565,added_myself,INSTRUMENT/JUNK
224650079,added_myself,SOLARLIKE
229402595,added_myself,ECLIPSE
229405629,training_set_em1,DSCT_BCEP
229407651,training_set_em1,DSCT_BCEP
229408066,training_set_em1,GDOR_SPB
229410644,added_myself,CONTACT_ROT
229438906,training_set_em1,DSCT_BCEP
229438910,training_set_em1,DSCT_BCEP
229441691,training_set_em1,GDOR_SPB
229443132,training_set_em1,DSCT_BCEP
229444493,training_set_em1,DSCT_BCEP
229444750,training_set_em1,DSCT_BCEP
229444776,training_set_em1,GDOR_SPB
229445673,training_set_em1,DSCT_BCEP
229446655,training_set_em1,GDOR_SPB
229447305,added_myself,SOLARLIKE
229447349,training_set_em1,GDOR_SPB
229450864,training_set_em1,GDOR_SPB
229452965,training_set_em1,DSCT_BCEP
229453604,added_myself,SOLARLIKE
229462134,added_myself,CONTACT_ROT
229462143,training_set_em1,CONTACT_ROT
229464312,training_set_em1,CONTACT_ROT
229464472,training_set_em1,GDOR_SPB
229471909,added_myself,SOLARLIKE
229472230,training_set_em1,GDOR_SPB
229474338,training_set_em1,GDOR_SPB
229487154,training_set_em1,GDOR_SPB
229488523,added_myself,SOLARLIKE
229494598,training_set_em1,GDOR_SPB
229495838,added_myself,SOLARLIKE
229497381,training_set_em1,GDOR_SPB
229503254,training_set_em1,DSCT_BCEP
229505812,training_set_em1,DSCT_BCEP
229505824,training_set_em1,DSCT_BCEP
229505854,training_set_em1,CONTACT_ROT
229505892,training_set_em1,DSCT_BCEP
229513129,added_myself,SOLARLIKE
229513160,training_set_em1,DSCT_BCEP
229513534,added_myself,SOLARLIKE
229536143,tessv2,RRLYR_CEPH
229549109,added_myself,INSTRUMENT/JUNK
229549619,tessv2,RRLYR_CEPH
229583484,training_set_em1,DSCT_BCEP
229585542,training_set_em1,CONTACT_ROT
229586723,training_set_em1,DSCT_BCEP
229587611,added_myself,SOLARLIKE
229591601,training_set_em1,GDOR_SPB
229592029,added_myself,SOLARLIKE
229593994,training_set_em1,DSCT_BCEP
229597814,training_set_em1,GDOR_SPB
229598750,added_myself,CONTACT_ROT
229605238,tessv2,RRLYR_CEPH
229605412,training_set_em1,GDOR_SPB
229608779,training_set_em1,GDOR_SPB
229608865,training_set_em1,CONTACT_ROT
229609341,added_myself,INSTRUMENT/JUNK
229609626,added_myself,INSTRUMENT/JUNK
229610288,training_set_em1,GDOR_SPB
229611177,added_myself,INSTRUMENT/JUNK
229613784,training_set_em1,DSCT_BCEP
229619206,training_set_em1,GDOR_SPB
229640204,added_myself,CONTACT_ROT
229641441,training_set_em1,DSCT_BCEP
229641533,training_set_em1,DSCT_BCEP
229643396,added_myself,SOLARLIKE
229645654,training_set_em1,GDOR_SPB
229646306,training_set_em1,DSCT_BCEP
229647826,training_set_em1,GDOR_SPB
229649350,training_set_em1,GDOR_SPB
229649709,training_set_em1,DSCT_BCEP
229670328,training_set_em1,GDOR_SPB
229673019,training_set_em1,DSCT_BCEP
229674699,training_set_em1,DSCT_BCEP
229674823,training_set_em1,GDOR_SPB
229675893,training_set_em1,GDOR_SPB
229676015,training_set_em1,CONTACT_ROT
229676244,training_set_em1,DSCT_BCEP
229686293,training_set_em1,DSCT_BCEP
229686919,training_set_em1,DSCT_BCEP
229686929,training_set_em1,DSCT_BCEP
229687413,added_myself,ECLIPSE
229687524,added_myself,INSTRUMENT/JUNK
229688357,tessv2,RRLYR_CEPH
229689771,added_myself,INSTRUMENT/JUNK
229698967,added_myself,INSTRUMENT/JUNK
229701055,added_myself,CONTACT_ROT
229702330,added_myself,INSTRUMENT/JUNK
229702569,added_myself,INSTRUMENT/JUNK
229704308,training_set_em1,DSCT_BCEP
229708333,training_set_em1,CONTACT_ROT
229709126,added_myself,INSTRUMENT/JUNK
229709315,added_myself,INSTRUMENT/JUNK
229714804,training_set_em1,GDOR_SPB
229738756,added_myself,INSTRUMENT/JUNK
229739857,training_set_em1,GDOR_SPB
229740058,training_set_em1,GDOR_SPB
229741273,training_set_em1,GDOR_SPB
229741602,training_set_em1,GDOR_SPB
229746824,added_myself,INSTRUMENT/JUNK
229758994,training_set_em1,DSCT_BCEP
229759631,added_myself,INSTRUMENT/JUNK
229760205,training_set_em1,GDOR_SPB
229760929,added_myself,SOLARLIKE
229761272,training_set_em1,GDOR_SPB
229763185,training_set_em1,CONTACT_ROT
229764421,training_set_em1,DSCT_BCEP
229765279,added_myself,SOLARLIKE
229766711,training_set_em1,DSCT_BCEP
229767229,training_set_em1,CONTACT_ROT
229770363,training_set_em1,DSCT_BCEP
229770586,training_set_em1,DSCT_BCEP
229771018,training_set_em1,DSCT_BCEP
229771240,added_myself,SOLARLIKE
229772978,training_set_em1,GDOR_SPB
229775860,training_set_em1,GDOR_SPB
229778044,training_set_em1,GDOR_SPB
229778368,training_set_em1,GDOR_SPB
229779205,training_set_em1,DSCT_BCEP
229780215,training_set_em1,GDOR_SPB
229780562,training_set_em1,DSCT_BCEP
229780898,added_myself,INSTRUMENT/JUNK
229782013,training_set_em1,GDOR_SPB
229783648,training_set_em1,GDOR_SPB
229784742,training_set_em1,GDOR_SPB
229785063,added_myself,INSTRUMENT/JUNK
229789168,training_set_em1,GDOR_SPB
229795026,training_set_em1,DSCT_BCEP
229910017,added_myself,SOLARLIKE
229913521,tessv2,RRLYR_CEPH
229913959,training_set_em1,CONTACT_ROT
229915355,training_set_em1,GDOR_SPB
229935987,training_set_em1,GDOR_SPB
229942198,training_set_em1,DSCT_BCEP
229942225,training_set_em1,CONTACT_ROT
229943919,training_set_em1,GDOR_SPB
229948322,training_set_em1,GDOR_SPB
229949018,training_set_em1,DSCT_BCEP
229954300,training_set_em1,CONTACT_ROT
229956027,training_set_em1,DSCT_BCEP
229960986,training_set_em1,CONTACT_ROT
229962923,tessv2,RRLYR_CEPH
229969274,added_myself,ECLIPSE
229970313,training_set_em1,DSCT_BCEP
229971430,training_set_em1,DSCT_BCEP
229975356,training_set_em1,GDOR_SPB
229979957,training_set_em1,GDOR_SPB
229997756,added_myself,CONTACT_ROT
230001632,training_set_em1,DSCT_BCEP
230002067,added_myself,INSTRUMENT/JUNK
230002837,added_myself,ECLIPSE
230014336,added_myself,SOLARLIKE
230016910,training_set_em1,GDOR_SPB
230019797,training_set_em1,GDOR_SPB
230021080,training_set_em1,GDOR_SPB
230021409,training_set_em1,DSCT_BCEP
230028622,training_set_em1,DSCT_BCEP
230052602,training_set_em1,DSCT_BCEP
230069429,added_myself,INSTRUMENT/JUNK
230072004,training_set_em1,DSCT_BCEP
230072913,added_myself,SOLARLIKE
230077219,training_set_em1,DSCT_BCEP
230078476,added_myself,SOLARLIKE
230078492,added_myself,INSTRUMENT/JUNK
230079674,added_myself,CONTACT_ROT
230091782,training_set_em1,GDOR_SPB
230113119,training_set_em1,GDOR_SPB
230117380,training_set_em1,DSCT_BCEP
230120156,training_set_em1,DSCT_BCEP
230120592,added_myself,CONTACT_ROT
230123328,training_set_em1,DSCT_BCEP
230128386,training_set_em1,GDOR_SPB
230130277,training_set_em1,DSCT_BCEP
230131487,tessv2,RRLYR_CEPH
230136491,training_set_em1,DSCT_BCEP
230377217,training_set_em1,DSCT_BCEP
230377477,added_myself,INSTRUMENT/JUNK
230377603,training_set_em1,DSCT_BCEP
230378147,added_myself,INSTRUMENT/JUNK
230379163,training_set_em1,DSCT_BCEP
230380176,training_set_em1,GDOR_SPB
230383836,training_set_em1,GDOR_SPB
230386465,added_myself,SOLARLIKE
230387671,training_set_em1,DSCT_BCEP
230389573,training_set_em1,GDOR_SPB
230390644,training_set_em1,GDOR_SPB
230391157,training_set_em1,DSCT_BCEP
230391862,training_set_em1,GDOR_SPB
230396669,training_set_em1,DSCT_BCEP
230404336,added_myself,ECLIPSE
230446404,added_myself,CONTACT_ROT
230563936,added_myself,DSCT_BCEP
230630299,added_myself,DSCT_BCEP
230665689,added_myself,INSTRUMENT/JUNK
230669450,added_myself,CONTACT_ROT
230673718,added_myself,INSTRUMENT/JUNK
230725527,added_myself,DSCT_BCEP
230777797,added_myself,SOLARLIKE
230786103,added_myself,INSTRUMENT/JUNK
230821217,added_myself,INSTRUMENT/JUNK
230826266,tessv2,RRLYR_CEPH
230839755,added_myself,INSTRUMENT/JUNK
230902933,added_myself,DSCT_BCEP
232523277,added_myself,INSTRUMENT/JUNK
232523409,added_myself,SOLARLIKE
232526179,added_myself,INSTRUMENT/JUNK
232540603,added_myself,INSTRUMENT/JUNK
232541823,added_myself,INSTRUMENT/JUNK
232604221,training_set_em1,DSCT_BCEP
232604837,training_set_em1,GDOR_SPB
232607576,training_set_em1,GDOR_SPB
232608947,training_set_em1,CONTACT_ROT
232610775,training_set_em1,DSCT_BCEP
232620739,training_set_em1,GDOR_SPB
232624089,training_set_em1,GDOR_SPB
232625701,training_set_em1,GDOR_SPB
232627189,added_myself,INSTRUMENT/JUNK
232632979,training_set_em1,GDOR_SPB
232635289,training_set_em1,DSCT_BCEP
232637102,training_set_em1,GDOR_SPB
232637376,training_set_em1,CONTACT_ROT
232637863,training_set_em1,GDOR_SPB
232639428,added_myself,CONTACT_ROT
232641937,added_myself,SOLARLIKE
232645216,training_set_em1,DSCT_BCEP
232672106,training_set_em1,GDOR_SPB
232673709,training_set_em1,GDOR_SPB
232680387,training_set_em1,GDOR_SPB
232681393,training_set_em1,CONTACT_ROT
232681667,training_set_em1,DSCT_BCEP
232713029,added_myself,ECLIPSE
232734231,added_myself,SOLARLIKE
232782812,added_myself,CONTACT_ROT
232791120,added_myself,DSCT_BCEP
232791471,added_myself,SOLARLIKE
232826709,added_myself,SOLARLIKE
232850277,added_myself,DSCT_BCEP
232882947,added_myself,DSCT_BCEP
232892916,added_myself,INSTRUMENT/JUNK
232944423,added_myself,ECLIPSE
232969940,added_myself,INSTRUMENT/JUNK
232975358,added_myself,INSTRUMENT/JUNK
232983209,added_myself,INSTRUMENT/JUNK
233008974,training_set_em1,GDOR_SPB
233011073,training_set_em1,DSCT_BCEP
233045685,training_set_em1,GDOR_SPB
233049001,training_set_em1,GDOR_SPB
233051318,training_set_em1,GDOR_SPB
233054478,training_set_em1,GDOR_SPB
233055687,added_myself,SOLARLIKE
233058176,training_set_em1,CONTACT_ROT
233061448,training_set_em1,DSCT_BCEP
233063255,added_myself,DSCT_BCEP
233066920,tessv2,RRLYR_CEPH
233070183,added_myself,ECLIPSE
233074614,added_myself,SOLARLIKE
233075690,training_set_em1,DSCT_BCEP
233080291,training_set_em1,GDOR_SPB
233082103,training_set_em1,GDOR_SPB
233082251,training_set_em1,DSCT_BCEP
233083862,training_set_em1,GDOR_SPB
233084447,training_set_em1,DSCT_BCEP
233084585,training_set_em1,GDOR_SPB
233087236,added_myself,CONTACT_ROT
233090383,training_set_em1,GDOR_SPB
233120505,added_myself,INSTRUMENT/JUNK
233122729,added_myself,INSTRUMENT/JUNK
233125189,added_myself,INSTRUMENT/JUNK
233129724,training_set_em1,CONTACT_ROT
233131533,added_myself,CONTACT_ROT
233156947,added_myself,DSCT_BCEP
233157143,added_myself,CONTACT_ROT
233157508,added_myself,SOLARLIKE
233161073,training_set_em1,DSCT_BCEP
233162479,added_myself,ECLIPSE
233170771,added_myself,INSTRUMENT/JUNK
233176127,added_myself,SOLARLIKE
233177688,added_myself,INSTRUMENT/JUNK
233178314,added_myself,SOLARLIKE
233191249,added_myself,INSTRUMENT/JUNK
233191979,added_myself,INSTRUMENT/JUNK
233193823,added_myself,SOLARLIKE
233193994,training_set_em1,DSCT_BCEP
233196373,added_myself,INSTRUMENT/JUNK
233196553,added_myself,INSTRUMENT/JUNK
233200450,added_myself,SOLARLIKE
233204454,training_set_em1,GDOR_SPB
233204575,training_set_em1,GDOR_SPB
233205102,training_set_em1,CONTACT_ROT
233209078,added_myself,INSTRUMENT/JUNK
233212092,training_set_em1,GDOR_SPB
233212109,training_set_em1,GDOR_SPB
233233964,training_set_em1,GDOR_SPB
233234760,added_myself,DSCT_BCEP
233238230,training_set_em1,DSCT_BCEP
233277971,added_myself,INSTRUMENT/JUNK
233295428,added_myself,SOLARLIKE
233312259,added_myself,INSTRUMENT/JUNK
233345474,added_myself,DSCT_BCEP
233392743,added_myself,INSTRUMENT/JUNK
233412021,added_myself,CONTACT_ROT
233414961,added_myself,DSCT_BCEP
233495299,added_myself,SOLARLIKE
233498123,training_set_em1,GDOR_SPB
233498747,training_set_em1,GDOR_SPB
233498959,training_set_em1,GDOR_SPB
233499307,training_set_em1,GDOR_SPB
233501878,training_set_em1,CONTACT_ROT
233502864,added_myself,CONTACT_ROT
233504273,added_myself,INSTRUMENT/JUNK
233505155,tessv2,RRLYR_CEPH
233508876,training_set_em1,DSCT_BCEP
233525807,training_set_em1,DSCT_BCEP
233526962,added_myself,CONTACT_ROT
233528177,training_set_em1,GDOR_SPB
233529466,added_myself,CONTACT_ROT
233530955,added_myself,CONTACT_ROT
233531285,training_set_em1,DSCT_BCEP
233534614,training_set_em1,DSCT_BCEP
233538482,training_set_em1,GDOR_SPB
233539511,added_myself,INSTRUMENT/JUNK
233539823,training_set_em1,GDOR_SPB
233541312,training_set_em1,DSCT_BCEP
233544319,training_set_em1,CONTACT_ROT
233545407,training_set_em1,GDOR_SPB
233569462,training_set_em1,DSCT_BCEP
233571327,training_set_em1,GDOR_SPB
233571627,training_set_em1,GDOR_SPB
233572677,added_myself,SOLARLIKE
233574518,added_myself,SOLARLIKE
233576902,training_set_em1,CONTACT_ROT
233580395,added_myself,DSCT_BCEP
233580397,training_set_em1,DSCT_BCEP
233580734,training_set_em1,DSCT_BCEP
233604362,training_set_em1,DSCT_BCEP
233606339,training_set_em1,GDOR_SPB
233608844,training_set_em1,DSCT_BCEP
233609067,training_set_em1,CONTACT_ROT
233609743,training_set_em1,GDOR_SPB
233611254,training_set_em1,CONTACT_ROT
233617727,added_myself,DSCT_BCEP
233621577,training_set_em1,DSCT_BCEP
233621743,added_myself,CONTACT_ROT
233624810,training_set_em1,GDOR_SPB
233627515,training_set_em1,DSCT_BCEP
233628385,training_set_em1,DSCT_BCEP
233633066,training_set_em1,DSCT_BCEP
233684019,added_myself,ECLIPSE
233684884,training_set_em1,DSCT_BCEP
233684916,added_myself,INSTRUMENT/JUNK
233690937,added_myself,INSTRUMENT/JUNK
233712251,training_set_em1,DSCT_BCEP
233715749,added_myself,INSTRUMENT/JUNK
233717567,training_set_em1,CONTACT_ROT
233718744,added_myself,INSTRUMENT/JUNK
233721173,training_set_em1,GDOR_SPB
233724023,training_set_em1,GDOR_SPB
233724181,training_set_em1,DSCT_BCEP
233725692,training_set_em1,DSCT_BCEP
233728302,training_set_em1,GDOR_SPB
233728330,training_set_em1,GDOR_SPB
233731070,training_set_em1,CONTACT_ROT
233733640,training_set_em1,CONTACT_ROT
233736299,added_myself,SOLARLIKE
233736627,added_myself,SOLARLIKE
233740810,training_set_em1,DSCT_BCEP
233741509,training_set_em1,DSCT_BCEP
233742729,training_set_em1,CONTACT_ROT
233744744,added_myself,INSTRUMENT/JUNK
233746432,added_myself,DSCT_BCEP
233751947,added_myself,INSTRUMENT/JUNK
233752138,added_myself,INSTRUMENT/JUNK
233757088,added_myself,DSCT_BCEP
233795184,added_myself,INSTRUMENT/JUNK
233797473,added_myself,CONTACT_ROT
233846833,added_myself,DSCT_BCEP
233854044,added_myself,CONTACT_ROT
233865114,added_myself,INSTRUMENT/JUNK
233946251,added_myself,CONTACT_ROT
235673889,training_set_em1,GDOR_SPB
235676989,training_set_em1,GDOR_SPB
235679672,training_set_em1,DSCT_BCEP
235680293,training_set_em1,GDOR_SPB
235682463,training_set_em1,GDOR_SPB
235686832,training_set_em1,GDOR_SPB
235686959,training_set_em1,DSCT_BCEP
235711691,training_set_em1,DSCT_BCEP
235717428,added_myself,INSTRUMENT/JUNK
235718046,tessv2,RRLYR_CEPH
235902789,training_set_em1,GDOR_SPB
235928069,tessv2,RRLYR_CEPH
235938879,training_set_em1,DSCT_BCEP
235939249,training_set_em1,GDOR_SPB
235942834,training_set_em1,GDOR_SPB
236043547,added_myself,INSTRUMENT/JUNK
236053519,added_myself,DSCT_BCEP
236064033,added_myself,CONTACT_ROT
236093949,added_myself,SOLARLIKE
236120466,added_myself,ECLIPSE
236130123,added_myself,INSTRUMENT/JUNK
236202640,added_myself,ECLIPSE
236205483,added_myself,INSTRUMENT/JUNK
236206372,added_myself,INSTRUMENT/JUNK
236217034,added_myself,DSCT_BCEP
236223019,added_myself,DSCT_BCEP
236266824,added_myself,ECLIPSE
236427343,added_myself,CONTACT_ROT
236438635,tessv2,RRLYR_CEPH
236442722,added_myself,INSTRUMENT/JUNK
236443743,added_myself,ECLIPSE
236445128,added_myself,ECLIPSE
236489259,added_myself,DSCT_BCEP
236489526,added_myself,INSTRUMENT/JUNK
236519149,added_myself,INSTRUMENT/JUNK
236547875,added_myself,ECLIPSE
236552706,added_myself,CONTACT_ROT
236556200,added_myself,DSCT_BCEP
236561005,added_myself,SOLARLIKE
236603545,added_myself,DSCT_BCEP
236628908,added_myself,CONTACT_ROT
236636800,added_myself,CONTACT_ROT
236648147,added_myself,INSTRUMENT/JUNK
236649434,added_myself,INSTRUMENT/JUNK
236660972,added_myself,INSTRUMENT/JUNK
236673287,added_myself,ECLIPSE
236677236,added_myself,INSTRUMENT/JUNK
236678133,added_myself,INSTRUMENT/JUNK
236716467,training_set_em1,DSCT_BCEP
236757688,added_myself,ECLIPSE
236759093,training_set_em1,GDOR_SPB
236761089,training_set_em1,DSCT_BCEP
236761352,training_set_em1,GDOR_SPB
236764598,training_set_em1,GDOR_SPB
236766358,training_set_em1,GDOR_SPB
236767675,added_myself,CONTACT_ROT
236769802,training_set_em1,DSCT_BCEP
236769827,training_set_em1,DSCT_BCEP
236771221,training_set_em1,DSCT_BCEP
236771416,training_set_em1,GDOR_SPB
236772110,training_set_em1,CONTACT_ROT
236772709,training_set_em1,DSCT_BCEP
236776311,added_myself,SOLARLIKE
236776371,training_set_em1,GDOR_SPB
236779349,training_set_em1,GDOR_SPB
236781290,training_set_em1,DSCT_BCEP
236782228,training_set_em1,GDOR_SPB
236784932,added_myself,CONTACT_ROT
236785122,training_set_em1,DSCT_BCEP
236785265,added_myself,SOLARLIKE
236785647,training_set_em1,DSCT_BCEP
236787933,added_myself,SOLARLIKE
236789408,training_set_em1,GDOR_SPB
236790321,added_myself,SOLARLIKE
236790955,training_set_em1,GDOR_SPB
236814663,training_set_em1,DSCT_BCEP
236815701,training_set_em1,GDOR_SPB
236816373,training_set_em1,DSCT_BCEP
236816404,training_set_em1,GDOR_SPB
236876369,training_set_em1,CONTACT_ROT
236876436,training_set_em1,GDOR_SPB
236878126,training_set_em1,DSCT_BCEP
236885887,training_set_em1,DSCT_BCEP
236901679,training_set_em1,CONTACT_ROT
236928239,added_myself,INSTRUMENT/JUNK
236932242,training_set_em1,DSCT_BCEP
236968730,training_set_em1,GDOR_SPB
236983348,training_set_em1,DSCT_BCEP
236988871,added_myself,INSTRUMENT/JUNK
236998770,training_set_em1,DSCT_BCEP
237010834,added_myself,INSTRUMENT/JUNK
237014662,added_myself,INSTRUMENT/JUNK
237015149,added_myself,SOLARLIKE
237048371,training_set_em1,DSCT_BCEP
237097549,training_set_em1,CONTACT_ROT
237102641,added_myself,INSTRUMENT/JUNK
237104803,training_set_em1,DSCT_BCEP
237106692,training_set_em1,GDOR_SPB
237108130,tessv2,RRLYR_CEPH
237117314,training_set_em1,GDOR_SPB
237122563,training_set_em1,GDOR_SPB
237197236,training_set_em1,DSCT_BCEP
237199786,training_set_em1,DSCT_BCEP
237200771,added_myself,INSTRUMENT/JUNK
237200797,training_set_em1,GDOR_SPB
237203271,training_set_em1,DSCT_BCEP
237210096,training_set_em1,DSCT_BCEP
237212001,training_set_em1,GDOR_SPB
237214007,added_myself,INSTRUMENT/JUNK
237214784,training_set_em1,DSCT_BCEP
237216990,training_set_em1,GDOR_SPB
237217852,training_set_em1,DSCT_BCEP
237219693,added_myself,SOLARLIKE
237221276,training_set_em1,DSCT_BCEP
237229894,training_set_em1,GDOR_SPB
237231199,training_set_em1,GDOR_SPB
237232473,training_set_em1,DSCT_BCEP
237239060,training_set_em1,GDOR_SPB
237254687,training_set_em1,DSCT_BCEP
237255002,added_myself,CONTACT_ROT
237255952,training_set_em1,DSCT_BCEP
237277075,training_set_em1,DSCT_BCEP
237278530,training_set_em1,GDOR_SPB
237281589,training_set_em1,GDOR_SPB
237284870,added_myself,INSTRUMENT/JUNK
237288869,training_set_em1,DSCT_BCEP
237289012,training_set_em1,DSCT_BCEP
237294956,training_set_em1,GDOR_SPB
237298220,training_set_em1,CONTACT_ROT
237299150,training_set_em1,DSCT_BCEP
237300768,training_set_em1,DSCT_BCEP
237300941,training_set_em1,GDOR_SPB
237303531,training_set_em1,GDOR_SPB
237305642,training_set_em1,DSCT_BCEP
237306683,training_set_em1,GDOR_SPB
239225819,tessv1,APERIODIC
239226020,tessv1,GDOR_SPB
239226034,tessv1,ECLIPSE
239226375,tessv1,APERIODIC
239227312,tessv1,APERIODIC
239227408,tessv1,DSCT_BCEP
239227581,tessv1,CONTACT_ROT
239228192,tessv1,ECLIPSE
239229303,tessv1,SOLARLIKE
239229378,tessv1,APERIODIC
239230447,added_myself,ECLIPSE
239230499,added_myself,SOLARLIKE
239233016,tessv1,ECLIPSE
239233211,tessv1,DSCT_BCEP
239233534,tessv1,CONTACT_ROT
239233688,tessv1,GDOR_SPB
239233755,tessv1,DSCT_BCEP
239233802,tessv1,DSCT_BCEP
239233859,tessv1,APERIODIC
239234478,tessv1,DSCT_BCEP
239236626,tessv1,CONTACT_ROT
239236894,tessv1,GDOR_SPB
239237306,added_myself,SOLARLIKE
239239786,added_myself,SOLARLIKE
239239884,tessv1,ECLIPSE
239272301,tessv1,APERIODIC
239272743,tessv1,DSCT_BCEP
239274268,tessv1,ECLIPSE
239275395,tessv1,CONTACT_ROT
239275819,tessv1,ECLIPSE
239276223,tessv1,CONTACT_ROT
239277352,tessv1,ECLIPSE
239277532,tessv1,DSCT_BCEP
239277755,added_myself,INSTRUMENT/JUNK
239277816,tessv1,APERIODIC
239277960,tessv1,DSCT_BCEP
239278166,tessv1,DSCT_BCEP
239278684,tessv1,DSCT_BCEP
239279608,added_myself,SOLARLIKE
239280056,added_myself,DSCT_BCEP
239282191,added_myself,DSCT_BCEP
239283393,added_myself,DSCT_BCEP
239283810,added_myself,SOLARLIKE
239286380,tessv1,APERIODIC
239287032,tessv1,DSCT_BCEP
239287705,tessv1,APERIODIC
239288288,tessv1,APERIODIC
239288328,tessv1,CONTACT_ROT
239288474,tessv1,CONTACT_ROT
239288756,tessv1,CONTACT_ROT
239288923,tessv1,DSCT_BCEP
239289816,tessv1,CONTACT_ROT
239290086,tessv1,CONTACT_ROT
239290461,tessv1,CONTACT_ROT
239290991,tessv1,APERIODIC
239291010,added_myself,SOLARLIKE
239291209,added_myself,SOLARLIKE
239291295,tessv1,GDOR_SPB
239291500,tessv1,ECLIPSE
239295074,added_myself,INSTRUMENT/JUNK
239296164,added_myself,INSTRUMENT/JUNK
239305323,tessv1,CONTACT_ROT
239305445,tessv1,DSCT_BCEP
239306767,tessv1,DSCT_BCEP
239307298,tessv1,GDOR_SPB
239307539,tessv1,APERIODIC
239307602,tessv1,DSCT_BCEP
239307614,tessv1,DSCT_BCEP
239307713,tessv1,APERIODIC
239309691,tessv1,CONTACT_ROT
239310449,tessv1,APERIODIC
239310624,tessv1,APERIODIC
239311183,tessv1,CONTACT_ROT
239312347,added_myself,INSTRUMENT/JUNK
239366970,added_myself,CONTACT_ROT
239385506,added_myself,CONTACT_ROT
239568073,added_myself,CONTACT_ROT
239575384,added_myself,INSTRUMENT/JUNK
239590074,added_myself,INSTRUMENT/JUNK
239591513,added_myself,INSTRUMENT/JUNK
239615723,added_myself,SOLARLIKE
240176847,tessv1,DSCT_BCEP
240177099,tessv1,DSCT_BCEP
240177878,added_myself,INSTRUMENT/JUNK
240178198,tessv1,CONTACT_ROT
240178495,tessv1,DSCT_BCEP
240179090,tessv1,DSCT_BCEP
240179691,tessv1,CONTACT_ROT
240179736,tessv1,APERIODIC
240179768,tessv1,APERIODIC
240182032,added_myself,SOLARLIKE
240182708,added_myself,DSCT_BCEP
240183233,tessv1,APERIODIC
240183887,tessv1,APERIODIC
240183958,tessv1,SOLARLIKE
240183994,tessv1,CONTACT_ROT
240184260,tessv1,GDOR_SPB
240184321,tessv1,APERIODIC
240184394,tessv1,SOLARLIKE
240184492,tessv1,CONTACT_ROT
240184547,tessv1,DSCT_BCEP
240184878,tessv1,CONTACT_ROT
240184963,added_myself,INSTRUMENT/JUNK
240185600,tessv1,APERIODIC
240185634,tessv1,CONTACT_ROT
240185822,tessv1,ECLIPSE
240185943,tessv1,APERIODIC
240186416,added_myself,ECLIPSE
240191288,added_myself,SOLARLIKE
240192789,tessv1,APERIODIC
240193109,tessv1,GDOR_SPB
240193176,tessv1,ECLIPSE
240193262,tessv1,ECLIPSE
240193725,tessv1,APERIODIC
240193855,tessv1,DSCT_BCEP
240194793,tessv1,APERIODIC
240194854,tessv1,SOLARLIKE
240195381,tessv1,CONTACT_ROT
240195787,tessv1,SOLARLIKE
240196304,tessv1,DSCT_BCEP
240196962,tessv1,CONTACT_ROT
240218987,tessv1,APERIODIC
240219163,tessv1,DSCT_BCEP
240219976,tessv1,DSCT_BCEP
240229670,added_myself,CONTACT_ROT
240230343,added_myself,DSCT_BCEP
240235340,added_myself,DSCT_BCEP
240237279,added_myself,ECLIPSE
240252777,added_myself,INSTRUMENT/JUNK
240265978,added_myself,CONTACT_ROT
240270857,added_myself,ECLIPSE
240278879,added_myself,ECLIPSE
240281466,added_myself,CONTACT_ROT
240336460,added_myself,DSCT_BCEP
240336866,added_myself,INSTRUMENT/JUNK
240338071,added_myself,DSCT_BCEP
240347411,added_myself,CONTACT_ROT
240347860,added_myself,CONTACT_ROT
240350927,added_myself,SOLARLIKE
240358956,added_myself,INSTRUMENT/JUNK
240360143,added_myself,CONTACT_ROT
240409173,added_myself,ECLIPSE
240428481,added_myself,ECLIPSE
240433579,added_myself,DSCT_BCEP
240434247,added_myself,INSTRUMENT/JUNK
240438754,added_myself,DSCT_BCEP
240488147,added_myself,CONTACT_ROT
240512207,added_myself,ECLIPSE
240523074,added_myself,DSCT_BCEP
240535424,added_myself,CONTACT_ROT
240545309,added_myself,ECLIPSE
240567090,added_myself,ECLIPSE
240609227,tessv2,RRLYR_CEPH
243260011,added_myself,SOLARLIKE
243260171,added_myself,SOLARLIKE
243270667,added_myself,SOLARLIKE
243270936,tessv1,ECLIPSE
243271025,added_myself,INSTRUMENT/JUNK
243271231,tessv1,SOLARLIKE
243271775,tessv1,GDOR_SPB
243272033,added_myself,INSTRUMENT/JUNK
243276000,added_myself,INSTRUMENT/JUNK
243277123,training_set_em1,DSCT_BCEP
243278591,training_set_em1,GDOR_SPB
243279065,training_set_em1,GDOR_SPB
243279213,training_set_em1,DSCT_BCEP
243279280,training_set_em1,GDOR_SPB
243280181,added_myself,INSTRUMENT/JUNK
243280731,training_set_em1,DSCT_BCEP
243283968,added_myself,ECLIPSE
243285589,training_set_em1,DSCT_BCEP
243299584,added_myself,INSTRUMENT/JUNK
243300227,training_set_em1,GDOR_SPB
243301088,training_set_em1,DSCT_BCEP
243301930,added_myself,CONTACT_ROT
243303906,training_set_em1,GDOR_SPB
243313398,training_set_em1,GDOR_SPB
243313635,added_myself,INSTRUMENT/JUNK
243313776,training_set_em1,DSCT_BCEP
243315273,training_set_em1,DSCT_BCEP
243315819,training_set_em1,DSCT_BCEP
243318164,added_myself,INSTRUMENT/JUNK
243318316,training_set_em1,DSCT_BCEP
243320059,training_set_em1,DSCT_BCEP
243334244,added_myself,ECLIPSE
243334590,added_myself,ECLIPSE
243337751,training_set_em1,DSCT_BCEP
243348867,training_set_em1,GDOR_SPB
243367145,training_set_em1,CONTACT_ROT
243367992,training_set_em1,GDOR_SPB
243368138,training_set_em1,DSCT_BCEP
243368245,added_myself,INSTRUMENT/JUNK
243442789,added_myself,SOLARLIKE
243443339,added_myself,DSCT_BCEP
243456479,added_myself,INSTRUMENT/JUNK
243538287,added_myself,INSTRUMENT/JUNK
243591937,tessv2,RRLYR_CEPH
247176820,added_myself,SOLARLIKE
247200143,added_myself,DSCT_BCEP
247236198,added_myself,ECLIPSE
247242160,added_myself,INSTRUMENT/JUNK
247244563,added_myself,CONTACT_ROT
247251476,added_myself,SOLARLIKE
247255609,added_myself,INSTRUMENT/JUNK
247295195,added_myself,CONTACT_ROT
247327772,added_myself,SOLARLIKE
247362690,added_myself,SOLARLIKE
247988439,added_myself,INSTRUMENT/JUNK
247992502,added_myself,SOLARLIKE
247992564,added_myself,INSTRUMENT/JUNK
247996301,added_myself,INSTRUMENT/JUNK
247996843,added_myself,INSTRUMENT/JUNK
248042075,added_myself,INSTRUMENT/JUNK
248067259,added_myself,INSTRUMENT/JUNK
248068544,added_myself,CONTACT_ROT
255865351,training_set_em1,GDOR_SPB
255868900,added_myself,ECLIPSE
255869565,training_set_em1,GDOR_SPB
255993674,added_myself,SOLARLIKE
255996254,training_set_em1,DSCT_BCEP
256068747,added_myself,INSTRUMENT/JUNK
256286159,added_myself,DSCT_BCEP
256288816,added_myself,CONTACT_ROT
256298969,training_set_em1,GDOR_SPB
256322621,training_set_em1,DSCT_BCEP
256323002,training_set_em1,GDOR_SPB
256323305,training_set_em1,DSCT_BCEP
256324266,training_set_em1,GDOR_SPB
256325451,training_set_em1,GDOR_SPB
256369618,added_myself,SOLARLIKE
256378155,added_myself,SOLARLIKE
256381755,training_set_em1,DSCT_BCEP
256384025,training_set_em1,GDOR_SPB
256386484,training_set_em1,DSCT_BCEP
256453779,training_set_em1,DSCT_BCEP
256454404,training_set_em1,GDOR_SPB
256460047,training_set_em1,GDOR_SPB
256460199,training_set_em1,DSCT_BCEP
256460496,added_myself,SOLARLIKE
256508939,training_set_em1,DSCT_BCEP
256511647,training_set_em1,GDOR_SPB
256513612,added_myself,CONTACT_ROT
256514668,training_set_em1,DSCT_BCEP
256555422,training_set_em1,DSCT_BCEP
256556268,training_set_em1,DSCT_BCEP
256559468,training_set_em1,DSCT_BCEP
256560570,training_set_em1,DSCT_BCEP
256617990,added_myself,SOLARLIKE
256660246,training_set_em1,GDOR_SPB
256664112,training_set_em1,DSCT_BCEP
256664118,training_set_em1,DSCT_BCEP
256665874,training_set_em1,DSCT_BCEP
256742923,training_set_em1,CONTACT_ROT
256745430,training_set_em1,DSCT_BCEP
256749121,training_set_em1,GDOR_SPB
256751101,training_set_em1,CONTACT_ROT
256799473,added_myself,CONTACT_ROT
256801792,training_set_em1,CONTACT_ROT
256863254,training_set_em1,GDOR_SPB
256868528,added_myself,SOLARLIKE
256868813,added_myself,CONTACT_ROT
256872744,added_myself,DSCT_BCEP
256893258,added_myself,ECLIPSE
256925842,training_set_em1,GDOR_SPB
256927396,training_set_em1,DSCT_BCEP
256928120,training_set_em1,DSCT_BCEP
256971973,added_myself,INSTRUMENT/JUNK
256976435,training_set_em1,DSCT_BCEP
256980169,added_myself,SOLARLIKE
257023111,added_myself,INSTRUMENT/JUNK
257051669,added_myself,DSCT_BCEP
257177605,added_myself,INSTRUMENT/JUNK
257179165,added_myself,SOLARLIKE
257399076,tessv2,RRLYR_CEPH
257622912,added_myself,INSTRUMENT/JUNK
257823052,tessv2,RRLYR_CEPH
258351053,training_set_em1,CONTACT_ROT
258352684,added_myself,DSCT_BCEP
258352700,training_set_em1,CONTACT_ROT
258353314,training_set_em1,CONTACT_ROT
258354794,training_set_em1,CONTACT_ROT
258388363,training_set_em1,DSCT_BCEP
258460849,training_set_em1,GDOR_SPB
258462768,tessv2,RRLYR_CEPH
258467080,tessv2,RRLYR_CEPH
258512867,training_set_em1,DSCT_BCEP
258514241,training_set_em1,GDOR_SPB
258526967,added_myself,CONTACT_ROT
258528638,added_myself,DSCT_BCEP
258548373,training_set_em1,DSCT_BCEP
258551121,training_set_em1,DSCT_BCEP
258700817,training_set_em1,DSCT_BCEP
258752918,added_myself,DSCT_BCEP
258760132,added_myself,DSCT_BCEP
258762179,added_myself,INSTRUMENT/JUNK
258773721,training_set_em1,DSCT_BCEP
258799679,training_set_em1,DSCT_BCEP
258800263,training_set_em1,DSCT_BCEP
258800454,added_myself,INSTRUMENT/JUNK
258801882,training_set_em1,DSCT_BCEP
258803847,added_myself,CONTACT_ROT
258803900,training_set_em1,DSCT_BCEP
258827801,training_set_em1,DSCT_BCEP
258831809,training_set_em1,GDOR_SPB
258845384,added_myself,INSTRUMENT/JUNK
258845756,added_myself,DSCT_BCEP
258875528,training_set_em1,GDOR_SPB
258954334,training_set_em1,GDOR_SPB
258955620,tessv2,RRLYR_CEPH
258956456,added_myself,SOLARLIKE
259001820,tessv2,RRLYR_CEPH
259004297,training_set_em1,GDOR_SPB
259038180,training_set_em1,DSCT_BCEP
259038228,training_set_em1,DSCT_BCEP
259039727,training_set_em1,GDOR_SPB
259040677,added_myself,SOLARLIKE
259098499,training_set_em1,DSCT_BCEP
259098654,training_set_em1,GDOR_SPB
259099205,training_set_em1,DSCT_BCEP
259101798,training_set_em1,DSCT_BCEP
259126453,added_myself,ECLIPSE
259127364,training_set_em1,CONTACT_ROT
259128582,training_set_em1,CONTACT_ROT
259130275,training_set_em1,DSCT_BCEP
259132389,training_set_em1,DSCT_BCEP
259168024,training_set_em1,GDOR_SPB
259235315,training_set_em1,DSCT_BCEP
259235656,training_set_em1,CONTACT_ROT
259236809,added_myself,CONTACT_ROT
259238257,training_set_em1,CONTACT_ROT
259413333,tessv2,RRLYR_CEPH
259416672,added_myself,CONTACT_ROT
259427704,added_myself,DSCT_BCEP
259672065,tessv2,RRLYR_CEPH
259874436,added_myself,DSCT_BCEP
262881930,tessv2,RRLYR_CEPH
263931382,added_myself,INSTRUMENT/JUNK
263969389,training_set_em1,GDOR_SPB
264005191,tessv2,RRLYR_CEPH
264172446,training_set_em1,DSCT_BCEP
264172903,training_set_em1,GDOR_SPB
264216879,training_set_em1,DSCT_BCEP
264219023,training_set_em1,DSCT_BCEP
264219220,training_set_em1,CONTACT_ROT
264223070,training_set_em1,DSCT_BCEP
264248356,added_myself,INSTRUMENT/JUNK
264250408,training_set_em1,DSCT_BCEP
264253320,training_set_em1,DSCT_BCEP
264304016,training_set_em1,GDOR_SPB
264392963,added_myself,INSTRUMENT/JUNK
264400660,added_myself,SOLARLIKE
264506279,added_myself,SOLARLIKE
264507507,tessv1,CONTACT_ROT
264508409,tessv1,ECLIPSE
264508946,added_myself,INSTRUMENT/JUNK
264509538,tessv1,CONTACT_ROT
264895898,tessv2,RRLYR_CEPH
265505628,added_myself,CONTACT_ROT
265886293,added_myself,SOLARLIKE
266522592,added_myself,DSCT_BCEP
266522614,added_myself,SOLARLIKE
266523644,training_set_em1,DSCT_BCEP
266523981,tessv2,RRLYR_CEPH
266578382,added_myself,DSCT_BCEP
266644912,added_myself,INSTRUMENT/JUNK
266693760,added_myself,DSCT_BCEP
266696134,added_myself,CONTACT_ROT
267028144,added_myself,INSTRUMENT/JUNK
267036865,added_myself,INSTRUMENT/JUNK
267273420,added_myself,SOLARLIKE
267482939,training_set_em1,DSCT_BCEP
267542072,training_set_em1,GDOR_SPB
267543197,training_set_em1,GDOR_SPB
267569942,added_myself,INSTRUMENT/JUNK
267570225,added_myself,INSTRUMENT/JUNK
267570904,tessv1,GDOR_SPB
267666865,added_myself,INSTRUMENT/JUNK
267667291,added_myself,INSTRUMENT/JUNK
267667395,tessv1,SOLARLIKE
267667898,tessv1,ECLIPSE
267669741,tessv1,SOLARLIKE
267669817,tessv1,SOLARLIKE
267670977,added_myself,INSTRUMENT/JUNK
267671985,added_myself,INSTRUMENT/JUNK
267672057,added_myself,INSTRUMENT/JUNK
267672131,added_myself,INSTRUMENT/JUNK
267672180,tessv1,CONTACT_ROT
267672869,added_myself,INSTRUMENT/JUNK
267672925,added_myself,INSTRUMENT/JUNK
267673118,added_myself,INSTRUMENT/JUNK
267673605,added_myself,INSTRUMENT/JUNK
267744481,tessv1,APERIODIC
267744690,tessv1,DSCT_BCEP
267745065,added_myself,INSTRUMENT/JUNK
267745764,added_myself,INSTRUMENT/JUNK
267746514,tessv1,SOLARLIKE
267746542,tessv1,SOLARLIKE
267746920,tessv1,APERIODIC
267747012,added_myself,INSTRUMENT/JUNK
267749616,tessv1,CONTACT_ROT
267749697,tessv1,SOLARLIKE
267808239,tessv2,RRLYR_CEPH
267813367,training_set_em1,CONTACT_ROT
267815788,added_myself,CONTACT_ROT
267863223,tessv2,RRLYR_CEPH
267874278,added_myself,INSTRUMENT/JUNK
267879807,added_myself,INSTRUMENT/JUNK
267880342,added_myself,INSTRUMENT/JUNK
267981931,added_myself,SOLARLIKE
267989356,tessv1,CONTACT_ROT
267989488,added_myself,INSTRUMENT/JUNK
267990226,tessv1,CONTACT_ROT
267990885,added_myself,INSTRUMENT/JUNK
267991031,added_myself,INSTRUMENT/JUNK
267991261,added_myself,DSCT_BCEP
268052435,training_set_em1,DSCT_BCEP
268058008,tessv1,ECLIPSE
268058755,tessv1,SOLARLIKE
268058937,tessv1,ECLIPSE
268059072,tessv1,ECLIPSE
268059294,added_myself,CONTACT_ROT
268059419,added_myself,INSTRUMENT/JUNK
268060004,tessv1,CONTACT_ROT
268154870,tessv1,SOLARLIKE
268156013,tessv1,SOLARLIKE
268156187,tessv1,APERIODIC
268156601,tessv1,SOLARLIKE
268157671,tessv1,ECLIPSE
268158262,tessv1,APERIODIC
268158387,added_myself,SOLARLIKE
268158823,tessv1,DSCT_BCEP
268159058,tessv1,GDOR_SPB
268160101,tessv1,CONTACT_ROT
268163021,added_myself,SOLARLIKE
268164806,tessv1,APERIODIC
268165732,tessv1,APERIODIC
268165975,tessv1,CONTACT_ROT
268166607,tessv1,CONTACT_ROT
268167823,tessv1,APERIODIC
268167861,tessv1,DSCT_BCEP
268168027,tessv1,APERIODIC
268288408,tessv1,DSCT_BCEP
268288495,tessv1,DSCT_BCEP
268289462,tessv1,ECLIPSE
268298499,tessv1,ECLIPSE
268298750,tessv1,SOLARLIKE
268300298,tessv1,APERIODIC
268302473,tessv1,CONTACT_ROT
268304395,tessv1,APERIODIC
268304743,tessv1,DSCT_BCEP
268304932,tessv1,ECLIPSE
268305223,tessv1,DSCT_BCEP
268305489,tessv1,ECLIPSE
268305629,tessv1,DSCT_BCEP
268306516,tessv1,APERIODIC
268306777,tessv1,APERIODIC
268306804,added_myself,DSCT_BCEP
268307181,tessv1,APERIODIC
268308030,tessv1,ECLIPSE
268308365,tessv1,GDOR_SPB
268311269,tessv1,DSCT_BCEP
268311405,tessv1,APERIODIC
268380075,tessv1,ECLIPSE
268380299,tessv1,ECLIPSE
268380746,tessv1,CONTACT_ROT
268381049,tessv1,ECLIPSE
268381344,added_myself,INSTRUMENT/JUNK
268381590,added_myself,INSTRUMENT/JUNK
268381905,tessv1,ECLIPSE
268382149,added_myself,INSTRUMENT/JUNK
268382348,tessv1,GDOR_SPB
268382396,added_myself,INSTRUMENT/JUNK
268382936,tessv1,ECLIPSE
268382947,tessv1,ECLIPSE
268383780,tessv1,ECLIPSE
268384099,tessv1,CONTACT_ROT
268384149,added_myself,INSTRUMENT/JUNK
268385567,tessv1,CONTACT_ROT
268385911,added_myself,INSTRUMENT/JUNK
268386729,tessv1,ECLIPSE
268387218,added_myself,ECLIPSE
268387293,tessv1,SOLARLIKE
268388666,added_myself,DSCT_BCEP
268389286,tessv1,GDOR_SPB
268389800,tessv1,DSCT_BCEP
268391214,tessv1,CONTACT_ROT
268391281,tessv1,APERIODIC
268391839,tessv1,APERIODIC
268482640,tessv1,SOLARLIKE
268484415,tessv1,GDOR_SPB
268484749,tessv1,CONTACT_ROT
268485512,tessv1,DSCT_BCEP
268486851,tessv1,DSCT_BCEP
268490021,added_myself,SOLARLIKE
268493546,added_myself,ECLIPSE
268601423,added_myself,SOLARLIKE
268604214,tessv1,DSCT_BCEP
268604332,tessv1,CONTACT_ROT
268605537,tessv1,ECLIPSE
268605638,tessv1,APERIODIC
268606707,tessv1,CONTACT_ROT
268607281,tessv1,CONTACT_ROT
268607384,added_myself,CONTACT_ROT
268608081,tessv1,APERIODIC
268609211,tessv1,DSCT_BCEP
268610013,tessv1,ECLIPSE
268610540,tessv1,GDOR_SPB
268615320,added_myself,INSTRUMENT/JUNK
268704097,tessv1,ECLIPSE
268704157,tessv1,ECLIPSE
268706046,added_myself,INSTRUMENT/JUNK
268707061,added_myself,INSTRUMENT/JUNK
268707065,added_myself,INSTRUMENT/JUNK
268707998,added_myself,INSTRUMENT/JUNK
268708381,added_myself,INSTRUMENT/JUNK
268711251,tessv1,APERIODIC
268711288,tessv1,CONTACT_ROT
268712987,tessv1,ECLIPSE
268713979,tessv1,DSCT_BCEP
268714416,tessv1,APERIODIC
268821477,tessv1,APERIODIC
268821872,tessv1,GDOR_SPB
268823164,tessv1,DSCT_BCEP
268823873,tessv1,DSCT_BCEP
268823985,tessv1,GDOR_SPB
268824123,tessv1,GDOR_SPB
268825255,tessv1,APERIODIC
268825846,tessv1,APERIODIC
268826079,tessv1,DSCT_BCEP
268826822,tessv1,APERIODIC
268924604,tessv1,DSCT_BCEP
268924646,added_myself,SOLARLIKE
268924971,added_myself,DSCT_BCEP
268925195,added_myself,INSTRUMENT/JUNK
268925382,tessv1,APERIODIC
268926170,tessv1,APERIODIC
268929308,tessv1,APERIODIC
268932580,tessv1,CONTACT_ROT
268934915,tessv1,ECLIPSE
269022931,added_myself,INSTRUMENT/JUNK
269026644,tessv1,CONTACT_ROT
269027022,added_myself,INSTRUMENT/JUNK
269029623,tessv1,ECLIPSE
269030986,added_myself,INSTRUMENT/JUNK
269031095,tessv1,ECLIPSE
269031447,added_myself,INSTRUMENT/JUNK
269032762,added_myself,SOLARLIKE
269034780,tessv1,DSCT_BCEP
269038179,tessv1,APERIODIC
269038198,tessv1,DSCT_BCEP
269119222,tessv1,APERIODIC
269119273,tessv1,APERIODIC
269119615,tessv1,CONTACT_ROT
269120974,tessv1,CONTACT_ROT
269121651,tessv1,APERIODIC
269121756,added_myself,INSTRUMENT/JUNK
269123135,tessv1,APERIODIC
269123911,tessv1,DSCT_BCEP
269263397,tessv1,APERIODIC
269264193,tessv1,GDOR_SPB
269264461,tessv1,ECLIPSE
269265189,added_myself,SOLARLIKE
269266896,tessv1,APERIODIC
269267602,tessv1,GDOR_SPB
269268892,tessv1,APERIODIC
269269620,tessv1,CONTACT_ROT
269359414,added_myself,SOLARLIKE
269365966,added_myself,INSTRUMENT/JUNK
269367408,added_myself,INSTRUMENT/JUNK
269367912,added_myself,INSTRUMENT/JUNK
269370615,added_myself,DSCT_BCEP
269573717,added_myself,INSTRUMENT/JUNK
269581924,added_myself,SOLARLIKE
269597732,added_myself,ECLIPSE
269598007,training_set_em1,DSCT_BCEP
269598225,training_set_em1,DSCT_BCEP
269663477,training_set_em1,DSCT_BCEP
269663868,added_myself,SOLARLIKE
270493349,tessv2,RRLYR_CEPH
270494308,training_set_em1,GDOR_SPB
270515877,tessv1,GDOR_SPB
270517432,tessv1,ECLIPSE
270518202,tessv1,ECLIPSE
270518335,tessv1,DSCT_BCEP
270518400,tessv1,APERIODIC
270518462,tessv1,CONTACT_ROT
270519961,tessv1,APERIODIC
270520056,tessv1,APERIODIC
270520325,tessv1,DSCT_BCEP
270521449,tessv1,APERIODIC
270521495,tessv1,APERIODIC
270521793,tessv1,CONTACT_ROT
270523896,tessv1,APERIODIC
270524123,added_myself,DSCT_BCEP
270524959,added_myself,INSTRUMENT/JUNK
270524977,tessv1,DSCT_BCEP
270525282,tessv1,CONTACT_ROT
270525372,tessv1,ECLIPSE
270525542,tessv1,DSCT_BCEP
270525633,tessv1,APERIODIC
270526738,tessv2,RRLYR_CEPH
270609859,tessv1,SOLARLIKE
270610430,tessv1,APERIODIC
270611385,tessv1,APERIODIC
270611389,tessv1,DSCT_BCEP
270611536,tessv1,DSCT_BCEP
270611800,tessv1,DSCT_BCEP
270612524,added_myself,SOLARLIKE
270614760,tessv1,APERIODIC
270614828,tessv1,DSCT_BCEP
270615502,tessv1,APERIODIC
270615564,tessv1,GDOR_SPB
270615728,tessv1,ECLIPSE
270615849,tessv1,ECLIPSE
270616030,tessv1,APERIODIC
270616245,tessv1,ECLIPSE
270616399,tessv1,APERIODIC
270616815,tessv1,ECLIPSE
270617011,tessv1,CONTACT_ROT
270617134,tessv1,GDOR_SPB
270617230,added_myself,INSTRUMENT/JUNK
270617396,added_myself,INSTRUMENT/JUNK
270617514,tessv1,DSCT_BCEP
270618455,tessv1,CONTACT_ROT
270695549,added_myself,DSCT_BCEP
270696922,tessv1,APERIODIC
270696935,tessv1,APERIODIC
270697556,tessv1,SOLARLIKE
270697579,tessv1,APERIODIC
270698539,tessv1,APERIODIC
270698968,tessv1,APERIODIC
270698973,tessv1,DSCT_BCEP
270698994,tessv1,APERIODIC
270699092,tessv1,APERIODIC
270700225,added_myself,INSTRUMENT/JUNK
270700608,tessv1,ECLIPSE
270700622,tessv1,CONTACT_ROT
270701042,tessv1,APERIODIC
270706113,tessv1,SOLARLIKE
270706323,tessv1,APERIODIC
270706751,tessv1,DSCT_BCEP
270707022,tessv1,ECLIPSE
270779991,tessv1,DSCT_BCEP
270781773,tessv1,DSCT_BCEP
270782071,tessv1,DSCT_BCEP
270786014,tessv1,APERIODIC
270786214,tessv1,DSCT_BCEP
270786522,tessv1,APERIODIC
270786806,tessv1,DSCT_BCEP
270786882,tessv1,SOLARLIKE
270786958,tessv1,SOLARLIKE
270787391,tessv1,CONTACT_ROT
270787465,tessv1,APERIODIC
270787694,tessv1,DSCT_BCEP
270788111,tessv1,APERIODIC
270788623,tessv1,GDOR_SPB
270788778,tessv1,SOLARLIKE
270788955,tessv1,CONTACT_ROT
270789647,tessv1,APERIODIC
270789999,tessv1,DSCT_BCEP
270790319,tessv1,CONTACT_ROT
270790366,tessv1,SOLARLIKE
270790975,tessv1,APERIODIC
270853434,tessv1,GDOR_SPB
270853937,added_myself,INSTRUMENT/JUNK
270854120,tessv1,APERIODIC
270854940,tessv1,CONTACT_ROT
270855029,tessv1,APERIODIC
270856672,tessv1,APERIODIC
270856748,tessv1,GDOR_SPB
270856871,tessv1,DSCT_BCEP
270857631,tessv1,GDOR_SPB
270857904,tessv1,DSCT_BCEP
270858133,tessv1,APERIODIC
270858181,tessv1,GDOR_SPB
270859878,tessv1,DSCT_BCEP
270860179,tessv1,SOLARLIKE
270860255,tessv1,APERIODIC
270861472,added_myself,INSTRUMENT/JUNK
270863324,tessv1,APERIODIC
270863693,tessv1,APERIODIC
270863956,tessv1,SOLARLIKE
270864138,tessv1,CONTACT_ROT
270864283,tessv1,ECLIPSE
270864377,tessv1,DSCT_BCEP
270948016,tessv1,CONTACT_ROT
270948911,tessv1,SOLARLIKE
270951746,tessv1,CONTACT_ROT
270951925,tessv1,APERIODIC
270952208,tessv1,DSCT_BCEP
270952434,tessv1,APERIODIC
270952799,tessv1,DSCT_BCEP
270953037,tessv1,ECLIPSE
270954017,added_myself,INSTRUMENT/JUNK
270954572,tessv1,APERIODIC
270954893,tessv1,APERIODIC
270955071,tessv1,CONTACT_ROT
270957093,tessv1,SOLARLIKE
270957336,tessv1,GDOR_SPB
270957464,tessv1,CONTACT_ROT
270957478,tessv1,APERIODIC
270957513,tessv1,DSCT_BCEP
270957530,tessv1,DSCT_BCEP
270957548,tessv1,DSCT_BCEP
270957586,tessv1,CONTACT_ROT
270957658,tessv1,DSCT_BCEP
270957685,tessv1,DSCT_BCEP
270957730,tessv1,DSCT_BCEP
270957972,tessv1,DSCT_BCEP
270958336,tessv1,SOLARLIKE
270959188,tessv1,CONTACT_ROT
270959251,tessv1,APERIODIC
271040165,tessv1,CONTACT_ROT
271040482,tessv1,ECLIPSE
271040695,tessv1,DSCT_BCEP
271040900,tessv1,DSCT_BCEP
271040947,tessv1,ECLIPSE
271041505,tessv1,DSCT_BCEP
271041511,tessv1,DSCT_BCEP
271042297,tessv1,APERIODIC
271042405,tessv1,GDOR_SPB
271043446,tessv1,ECLIPSE
271044027,tessv1,CONTACT_ROT
271047463,tessv1,CONTACT_ROT
271047747,tessv1,CONTACT_ROT
271047903,tessv1,GDOR_SPB
271049866,added_myself,INSTRUMENT/JUNK
271050901,added_myself,INSTRUMENT/JUNK
271051433,tessv1,CONTACT_ROT
271051767,tessv1,DSCT_BCEP
271051946,tessv1,SOLARLIKE
271156424,added_myself,SOLARLIKE
271158392,tessv1,SOLARLIKE
271158743,tessv1,CONTACT_ROT
271159310,tessv1,DSCT_BCEP
271159475,tessv1,APERIODIC
271160111,tessv1,APERIODIC
271161022,added_myself,ECLIPSE
271161090,added_myself,INSTRUMENT/JUNK
271163018,tessv1,APERIODIC
271163096,tessv1,CONTACT_ROT
271163935,tessv1,APERIODIC
271164241,tessv1,GDOR_SPB
271164567,added_myself,INSTRUMENT/JUNK
271164883,tessv1,GDOR_SPB
271165834,tessv1,DSCT_BCEP
271165993,tessv1,CONTACT_ROT
271166260,tessv1,CONTACT_ROT
271166402,added_myself,INSTRUMENT/JUNK
271168269,added_myself,SOLARLIKE
271252474,tessv1,APERIODIC
271253310,tessv1,SOLARLIKE
271253525,tessv1,SOLARLIKE
271253937,tessv1,APERIODIC
271254213,tessv1,APERIODIC
271255844,tessv1,DSCT_BCEP
271256241,tessv1,APERIODIC
271258463,added_myself,SOLARLIKE
271259124,tessv1,APERIODIC
271260878,tessv1,DSCT_BCEP
271261195,tessv1,GDOR_SPB
271261509,tessv1,GDOR_SPB
271261905,tessv1,GDOR_SPB
271263941,added_myself,INSTRUMENT/JUNK
271265234,tessv1,APERIODIC
271347051,tessv1,CONTACT_ROT
271347372,tessv1,GDOR_SPB
271347608,tessv1,APERIODIC
271347629,tessv1,DSCT_BCEP
271348720,tessv1,GDOR_SPB
271348878,tessv1,DSCT_BCEP
271348967,tessv1,APERIODIC
271350470,tessv1,APERIODIC
271352011,tessv1,CONTACT_ROT
271353408,tessv1,CONTACT_ROT
271353853,tessv1,DSCT_BCEP
271354017,tessv1,APERIODIC
271354277,tessv1,SOLARLIKE
271354390,tessv1,CONTACT_ROT
271354678,tessv1,SOLARLIKE
271356182,tessv1,APERIODIC
271356199,tessv1,CONTACT_ROT
271356249,tessv1,SOLARLIKE
271356614,added_myself,INSTRUMENT/JUNK
271356943,added_myself,INSTRUMENT/JUNK
271423638,tessv1,CONTACT_ROT
271425472,tessv1,DSCT_BCEP
271425494,tessv1,APERIODIC
271426421,tessv1,CONTACT_ROT
271426544,tessv1,APERIODIC
271427044,tessv1,APERIODIC
271428111,tessv1,DSCT_BCEP
271428310,tessv1,APERIODIC
271428843,added_myself,SOLARLIKE
271429592,tessv1,DSCT_BCEP
271429754,tessv1,CONTACT_ROT
271431264,tessv1,APERIODIC
271432447,tessv1,APERIODIC
271433003,tessv1,DSCT_BCEP
271433805,tessv1,DSCT_BCEP
271434386,tessv1,CONTACT_ROT
271539232,tessv1,CONTACT_ROT
271539287,tessv1,CONTACT_ROT
271539362,tessv1,APERIODIC
271539948,added_myself,SOLARLIKE
271540316,tessv1,APERIODIC
271540749,tessv1,APERIODIC
271541351,tessv1,CONTACT_ROT
271541970,tessv1,ECLIPSE
271542149,tessv1,APERIODIC
271542474,tessv1,APERIODIC
271542522,tessv1,GDOR_SPB
271542846,tessv1,APERIODIC
271542951,tessv1,ECLIPSE
271543710,added_myself,INSTRUMENT/JUNK
271544252,added_myself,SOLARLIKE
271544539,tessv1,CONTACT_ROT
271544764,tessv1,DSCT_BCEP
271545183,tessv1,ECLIPSE
271546174,tessv1,DSCT_BCEP
271546271,tessv1,APERIODIC
271546353,tessv1,SOLARLIKE
271547896,tessv1,ECLIPSE
271548664,added_myself,CONTACT_ROT
271661621,tessv1,CONTACT_ROT
271661698,tessv1,SOLARLIKE
271662512,tessv1,SOLARLIKE
271662851,tessv1,APERIODIC
271663125,tessv1,ECLIPSE
271663453,tessv1,DSCT_BCEP
271666640,tessv1,ECLIPSE
271667271,tessv1,APERIODIC
271667661,tessv1,DSCT_BCEP
271667739,tessv1,APERIODIC
271668037,tessv1,SOLARLIKE
271668526,added_myself,INSTRUMENT/JUNK
271668678,tessv1,SOLARLIKE
271668967,tessv1,ECLIPSE
271669118,tessv1,CONTACT_ROT
271671189,tessv1,CONTACT_ROT
271671507,tessv1,DSCT_BCEP
271671688,tessv1,ECLIPSE
271751633,tessv1,GDOR_SPB
271752272,tessv1,DSCT_BCEP
271755518,tessv1,APERIODIC
271755674,tessv1,CONTACT_ROT
271756826,added_myself,SOLARLIKE
271760058,tessv1,SOLARLIKE
271760753,tessv1,RRLYR_CEPH
271761105,tessv1,APERIODIC
271762125,tessv1,DSCT_BCEP
271762215,added_myself,CONTACT_ROT
271762237,tessv1,CONTACT_ROT
271763236,tessv1,CONTACT_ROT
271764120,added_myself,INSTRUMENT/JUNK
271765766,added_myself,SOLARLIKE
271768106,tessv1,CONTACT_ROT
271768228,tessv1,DSCT_BCEP
271769374,tessv1,DSCT_BCEP
271769391,tessv1,APERIODIC
271769526,tessv1,APERIODIC
271771621,added_myself,SOLARLIKE
271771797,added_myself,SOLARLIKE
271772177,tessv1,CONTACT_ROT
271772410,tessv1,APERIODIC
271772747,tessv1,CONTACT_ROT
271773462,tessv1,APERIODIC
271773721,tessv1,ECLIPSE
271773922,tessv1,CONTACT_ROT
271873895,tessv1,SOLARLIKE
271874373,tessv1,SOLARLIKE
271874538,tessv1,CONTACT_ROT
271875069,added_myself,INSTRUMENT/JUNK
271875623,added_myself,CONTACT_ROT
271877539,added_myself,INSTRUMENT/JUNK
271877841,tessv1,ECLIPSE
271880730,tessv1,DSCT_BCEP
271881053,tessv1,SOLARLIKE
271881277,tessv1,APERIODIC
271882245,tessv1,CONTACT_ROT
271884729,tessv1,SOLARLIKE
271885132,tessv1,DSCT_BCEP
271885964,tessv1,CONTACT_ROT
271886241,tessv1,DSCT_BCEP
271956960,added_myself,DSCT_BCEP
271957001,tessv1,DSCT_BCEP
271957852,tessv1,ECLIPSE
271957866,tessv1,GDOR_SPB
271958272,tessv1,CONTACT_ROT
271958799,added_myself,ECLIPSE
271958882,tessv1,APERIODIC
271959553,tessv1,DSCT_BCEP
271960586,tessv1,ECLIPSE
271960811,tessv1,CONTACT_ROT
271961013,added_myself,SOLARLIKE
271961038,added_myself,SOLARLIKE
271961560,tessv1,ECLIPSE
271961859,added_myself,INSTRUMENT/JUNK
271963243,tessv1,DSCT_BCEP
271963589,added_myself,CONTACT_ROT
271963774,added_myself,SOLARLIKE
271963940,tessv1,APERIODIC
271964500,tessv1,APERIODIC
271964557,tessv1,APERIODIC
271967010,tessv1,APERIODIC
271967202,tessv1,CONTACT_ROT
271967215,tessv1,DSCT_BCEP
271967246,added_myself,DSCT_BCEP
271968132,added_myself,INSTRUMENT/JUNK
271968896,tessv1,CONTACT_ROT
271968921,tessv1,APERIODIC
271970375,tessv1,APERIODIC
271970611,added_myself,SOLARLIKE
272071804,tessv1,APERIODIC
272071998,tessv1,ECLIPSE
272073161,added_myself,DSCT_BCEP
272073571,tessv1,CONTACT_ROT
272073730,tessv1,DSCT_BCEP
272074133,tessv1,DSCT_BCEP
272074664,tessv1,ECLIPSE
272074861,tessv1,CONTACT_ROT
272075120,tessv1,CONTACT_ROT
272075171,added_myself,SOLARLIKE
272075522,added_myself,ECLIPSE
272075892,added_myself,INSTRUMENT/JUNK
272079784,added_myself,INSTRUMENT/JUNK
272079818,tessv1,CONTACT_ROT
272079853,tessv1,GDOR_SPB
272083821,tessv1,DSCT_BCEP
272083928,tessv1,APERIODIC
272084190,tessv1,APERIODIC
272084600,tessv1,SOLARLIKE
272084767,added_myself,SOLARLIKE
272084985,tessv1,ECLIPSE
272173638,tessv1,SOLARLIKE
272173761,tessv1,SOLARLIKE
272174841,tessv1,APERIODIC
272175501,tessv1,GDOR_SPB
272175658,tessv1,DSCT_BCEP
272175816,tessv1,APERIODIC
272176519,added_myself,SOLARLIKE
272176884,tessv1,CONTACT_ROT
272178307,tessv1,DSCT_BCEP
272179220,tessv1,ECLIPSE
272179657,tessv1,ECLIPSE
272179914,tessv1,SOLARLIKE
272182717,tessv1,CONTACT_ROT
272183229,tessv1,DSCT_BCEP
272183404,tessv1,CONTACT_ROT
272270418,tessv1,GDOR_SPB
272271986,tessv1,ECLIPSE
272272212,tessv1,GDOR_SPB
272272592,added_myself,CONTACT_ROT
272272734,tessv1,DSCT_BCEP
272273354,tessv1,APERIODIC
272273398,tessv1,ECLIPSE
272275448,tessv1,GDOR_SPB
272275793,added_myself,INSTRUMENT/JUNK
272281217,tessv1,SOLARLIKE
272281679,tessv1,SOLARLIKE
272282390,tessv1,CONTACT_ROT
272363591,tessv1,GDOR_SPB
272364632,added_myself,SOLARLIKE
272366647,tessv1,APERIODIC
272367416,added_myself,SOLARLIKE
272368354,tessv1,GDOR_SPB
272368540,tessv1,APERIODIC
272369157,tessv1,APERIODIC
272370555,tessv1,DSCT_BCEP
272370636,tessv1,DSCT_BCEP
272371169,tessv1,APERIODIC
272371720,tessv1,DSCT_BCEP
272372067,added_myself,SOLARLIKE
272372852,tessv1,SOLARLIKE
272374826,tessv1,APERIODIC
272374894,tessv1,APERIODIC
272375552,tessv1,APERIODIC
272375709,tessv1,DSCT_BCEP
272375892,tessv1,ECLIPSE
272376068,tessv1,CONTACT_ROT
272485089,tessv1,APERIODIC
272485287,tessv1,DSCT_BCEP
272485319,tessv1,CONTACT_ROT
272487072,tessv1,APERIODIC
272487208,tessv1,GDOR_SPB
272487334,tessv1,DSCT_BCEP
272487856,tessv1,ECLIPSE
272488553,tessv1,SOLARLIKE
272489100,tessv1,ECLIPSE
272489524,tessv1,APERIODIC
272489559,tessv1,DSCT_BCEP
272490164,tessv1,ECLIPSE
272490653,tessv1,ECLIPSE
272491348,tessv1,APERIODIC
272491956,tessv1,APERIODIC
272492006,tessv1,APERIODIC
272492098,tessv1,GDOR_SPB
272495047,added_myself,INSTRUMENT/JUNK
272496539,tessv1,SOLARLIKE
272565944,added_myself,INSTRUMENT/JUNK
272596414,tessv1,ECLIPSE
272597369,added_myself,SOLARLIKE
272598011,tessv1,CONTACT_ROT
272598128,added_myself,INSTRUMENT/JUNK
272598185,tessv1,CONTACT_ROT
272598447,tessv1,ECLIPSE
272599075,tessv1,SOLARLIKE
272599093,added_myself,SOLARLIKE
272600222,tessv1,ECLIPSE
272600680,tessv1,ECLIPSE
272601952,tessv1,SOLARLIKE
272605775,tessv1,RRLYR_CEPH
272605946,added_myself,INSTRUMENT/JUNK
272606147,tessv1,APERIODIC
272606902,tessv1,SOLARLIKE
272607205,tessv1,ECLIPSE
272607777,tessv1,APERIODIC
272607873,tessv1,SOLARLIKE
272608151,tessv1,DSCT_BCEP
272608232,tessv1,APERIODIC
272608514,added_myself,DSCT_BCEP
272609094,tessv1,APERIODIC
272609853,tessv1,SOLARLIKE
272650711,added_myself,SOLARLIKE
272651106,training_set_em1,GDOR_SPB
272651324,training_set_em1,GDOR_SPB
272672404,training_set_em1,GDOR_SPB
272702570,training_set_em1,DSCT_BCEP
272705791,added_myself,ECLIPSE
272706985,added_myself,SOLARLIKE
272707302,tessv1,CONTACT_ROT
272707473,tessv1,APERIODIC
272708054,tessv1,DSCT_BCEP
272709530,tessv1,DSCT_BCEP
272714002,tessv1,DSCT_BCEP
272714416,tessv1,DSCT_BCEP
272714629,tessv1,APERIODIC
272714798,tessv1,APERIODIC
272715316,tessv1,DSCT_BCEP
272715559,tessv1,APERIODIC
272715986,tessv1,DSCT_BCEP
272716509,added_myself,INSTRUMENT/JUNK
272716582,tessv1,ECLIPSE
272716704,tessv1,APERIODIC
272717834,tessv1,ECLIPSE
272718067,tessv1,SOLARLIKE
272718451,tessv1,DSCT_BCEP
272718764,tessv1,ECLIPSE
272719018,tessv1,DSCT_BCEP
272719652,tessv1,ECLIPSE
272720333,tessv1,CONTACT_ROT
272746450,training_set_em1,GDOR_SPB
272747174,training_set_em1,DSCT_BCEP
272747181,training_set_em1,GDOR_SPB
272748431,training_set_em1,DSCT_BCEP
272749171,training_set_em1,GDOR_SPB
272759659,training_set_em1,CONTACT_ROT
272781760,training_set_em1,GDOR_SPB
272782809,added_myself,INSTRUMENT/JUNK
272785018,training_set_em1,DSCT_BCEP
272786788,added_myself,SOLARLIKE
272835026,added_myself,INSTRUMENT/JUNK
272839425,tessv1,CONTACT_ROT
272840365,added_myself,INSTRUMENT/JUNK
272841486,added_myself,SOLARLIKE
272841759,tessv1,ECLIPSE
272841995,tessv1,CONTACT_ROT
272843045,tessv1,ECLIPSE
272844506,tessv1,CONTACT_ROT
272845571,added_myself,INSTRUMENT/JUNK
272846137,tessv1,CONTACT_ROT
272846455,added_myself,SOLARLIKE
272893436,added_myself,SOLARLIKE
272939477,tessv1,APERIODIC
272939489,tessv1,DSCT_BCEP
272939914,tessv1,SOLARLIKE
272941454,tessv1,DSCT_BCEP
272941685,tessv1,CONTACT_ROT
272942189,added_myself,INSTRUMENT/JUNK
272942340,added_myself,INSTRUMENT/JUNK
272942420,tessv1,DSCT_BCEP
272942498,tessv1,DSCT_BCEP
272943723,tessv1,DSCT_BCEP
272943843,tessv1,RRLYR_CEPH
272943860,added_myself,CONTACT_ROT
272943988,added_myself,DSCT_BCEP
272944164,tessv1,APERIODIC
272944954,tessv1,APERIODIC
272945322,tessv1,GDOR_SPB
272945744,added_myself,INSTRUMENT/JUNK
272950058,tessv1,DSCT_BCEP
272950104,tessv1,DSCT_BCEP
272950261,tessv1,ECLIPSE
272951803,tessv1,DSCT_BCEP
273035572,tessv1,GDOR_SPB
273035966,added_myself,CONTACT_ROT
273036521,tessv1,CONTACT_ROT
273036837,tessv1,DSCT_BCEP
273038330,tessv1,CONTACT_ROT
273038423,tessv1,APERIODIC
273041138,added_myself,CONTACT_ROT
273041556,added_myself,SOLARLIKE
273042299,tessv1,ECLIPSE
273042551,tessv1,ECLIPSE
273042994,tessv1,CONTACT_ROT
273043307,tessv1,ECLIPSE
273043654,added_myself,INSTRUMENT/JUNK
273045340,added_myself,ECLIPSE
273048064,tessv1,CONTACT_ROT
273061351,added_myself,ECLIPSE
273068001,added_myself,DSCT_BCEP
273129792,tessv1,SOLARLIKE
273129954,added_myself,SOLARLIKE
273130396,tessv1,ECLIPSE
273130431,tessv1,CONTACT_ROT
273131562,added_myself,INSTRUMENT/JUNK
273131564,tessv1,ECLIPSE
273131690,tessv1,CONTACT_ROT
273132446,tessv1,CONTACT_ROT
273132568,tessv1,GDOR_SPB
273132928,tessv1,GDOR_SPB
273133378,added_myself,INSTRUMENT/JUNK
273137699,tessv1,GDOR_SPB
273137870,tessv1,ECLIPSE
273138434,tessv1,APERIODIC
273139110,tessv1,APERIODIC
273139514,tessv1,CONTACT_ROT
273139837,tessv1,SOLARLIKE
273140208,tessv1,APERIODIC
273141365,tessv1,CONTACT_ROT
273141646,tessv1,CONTACT_ROT
273142618,tessv1,CONTACT_ROT
273231378,tessv1,ECLIPSE
273232268,added_myself,SOLARLIKE
273234036,added_myself,SOLARLIKE
273234890,tessv1,DSCT_BCEP
273235498,tessv1,DSCT_BCEP
273235567,tessv1,SOLARLIKE
273235916,added_myself,INSTRUMENT/JUNK
273236995,added_myself,INSTRUMENT/JUNK
273237526,tessv1,APERIODIC
273238798,tessv1,CONTACT_ROT
273241791,added_myself,SOLARLIKE
273242571,added_myself,INSTRUMENT/JUNK
273242961,added_myself,SOLARLIKE
273299721,added_myself,INSTRUMENT/JUNK
273370901,tessv1,GDOR_SPB
273372313,added_myself,CONTACT_ROT
273372402,tessv1,ECLIPSE
273372747,tessv1,SOLARLIKE
273373712,tessv1,ECLIPSE
273374308,tessv1,GDOR_SPB
273374741,tessv1,SOLARLIKE
273374777,tessv1,CONTACT_ROT
273375249,tessv1,ECLIPSE
273375585,tessv1,CONTACT_ROT
273376048,tessv1,ECLIPSE
273377694,tessv1,SOLARLIKE
273378701,added_myself,INSTRUMENT/JUNK
273379031,tessv1,SOLARLIKE
273379326,tessv1,GDOR_SPB
273379486,tessv1,ECLIPSE
273382231,added_myself,INSTRUMENT/JUNK
273496022,added_myself,SOLARLIKE
273496032,added_myself,SOLARLIKE
273499243,tessv1,SOLARLIKE
273501474,tessv1,APERIODIC
273501573,added_myself,INSTRUMENT/JUNK
273501820,tessv1,ECLIPSE
273504891,tessv1,CONTACT_ROT
273505272,added_myself,INSTRUMENT/JUNK
273505466,tessv1,ECLIPSE
273505563,tessv1,DSCT_BCEP
273505998,tessv1,CONTACT_ROT
273506164,added_myself,ECLIPSE
273506704,tessv1,CONTACT_ROT
273509965,tessv1,CONTACT_ROT
273510151,tessv1,GDOR_SPB
273510156,tessv1,GDOR_SPB
273559308,tessv2,RRLYR_CEPH
273573577,tessv1,APERIODIC
273573782,tessv1,DSCT_BCEP
273574160,added_myself,ECLIPSE
273574501,tessv1,APERIODIC
273574905,tessv1,DSCT_BCEP
273575056,tessv1,DSCT_BCEP
273575295,tessv1,APERIODIC
273580727,tessv1,SOLARLIKE
273581250,tessv1,GDOR_SPB
273582369,tessv1,DSCT_BCEP
273582589,tessv1,DSCT_BCEP
273583841,tessv1,CONTACT_ROT
273590715,tessv1,CONTACT_ROT
273592965,added_myself,INSTRUMENT/JUNK
273593858,added_myself,CONTACT_ROT
273594187,added_myself,INSTRUMENT/JUNK
273594336,tessv1,CONTACT_ROT
273621880,added_myself,DSCT_BCEP
273622604,added_myself,ECLIPSE
273623934,added_myself,INSTRUMENT/JUNK
273629437,added_myself,ECLIPSE
273633862,tessv2,RRLYR_CEPH
273655399,added_myself,CONTACT_ROT
273681205,added_myself,INSTRUMENT/JUNK
273681582,added_myself,INSTRUMENT/JUNK
273682362,tessv1,SOLARLIKE
273684362,added_myself,INSTRUMENT/JUNK
273684561,tessv1,CONTACT_ROT
273684688,tessv1,CONTACT_ROT
273684877,tessv1,SOLARLIKE
273684883,added_myself,SOLARLIKE
273685213,tessv1,SOLARLIKE
273685381,added_myself,INSTRUMENT/JUNK
273685489,added_myself,CONTACT_ROT
273685741,added_myself,INSTRUMENT/JUNK
273687088,added_myself,SOLARLIKE
273687609,tessv1,DSCT_BCEP
273688012,added_myself,INSTRUMENT/JUNK
273688483,added_myself,INSTRUMENT/JUNK
273688556,tessv1,GDOR_SPB
273690933,added_myself,INSTRUMENT/JUNK
273758440,added_myself,INSTRUMENT/JUNK
273772702,tessv1,APERIODIC
273772901,tessv1,SOLARLIKE
273773033,tessv1,APERIODIC
273773219,tessv1,APERIODIC
273775881,tessv1,APERIODIC
273777124,tessv1,SOLARLIKE
273777251,tessv1,APERIODIC
273777990,tessv1,SOLARLIKE
273778807,tessv1,CONTACT_ROT
273779120,tessv1,APERIODIC
273782052,tessv1,CONTACT_ROT
273782425,tessv1,APERIODIC
273782513,tessv1,DSCT_BCEP
273786327,added_myself,INSTRUMENT/JUNK
273786640,tessv1,CONTACT_ROT
273786927,tessv1,DSCT_BCEP
273787059,tessv1,CONTACT_ROT
273798410,added_myself,CONTACT_ROT
273865522,tessv1,CONTACT_ROT
273865620,tessv1,APERIODIC
273867077,tessv1,APERIODIC
273868048,tessv1,APERIODIC
273868474,tessv1,ECLIPSE
273869518,added_myself,SOLARLIKE
273870905,added_myself,SOLARLIKE
273872616,tessv1,CONTACT_ROT
273872891,tessv1,CONTACT_ROT
273873017,tessv1,CONTACT_ROT
273873204,added_myself,INSTRUMENT/JUNK
273873952,tessv1,SOLARLIKE
273874245,tessv1,CONTACT_ROT
273874851,tessv1,ECLIPSE
273875142,tessv1,CONTACT_ROT
273875361,added_myself,DSCT_BCEP
273875717,added_myself,SOLARLIKE
273876352,added_myself,INSTRUMENT/JUNK
273876615,added_myself,SOLARLIKE
273877143,added_myself,INSTRUMENT/JUNK
273893453,added_myself,DSCT_BCEP
273894470,added_myself,CONTACT_ROT
274020527,tessv1,SOLARLIKE
274020863,added_myself,INSTRUMENT/JUNK
274021225,tessv1,DSCT_BCEP
274022019,tessv1,APERIODIC
274023141,tessv1,DSCT_BCEP
274024023,tessv1,CONTACT_ROT
274024645,added_myself,INSTRUMENT/JUNK
274032092,tessv1,APERIODIC
274033125,tessv1,CONTACT_ROT
274118380,tessv1,ECLIPSE
274119058,tessv1,APERIODIC
274119369,tessv1,ECLIPSE
274119577,tessv1,APERIODIC
274119645,tessv1,APERIODIC
274120294,tessv1,DSCT_BCEP
274120769,tessv1,CONTACT_ROT
274120953,added_myself,INSTRUMENT/JUNK
274122333,added_myself,ECLIPSE
274127703,tessv1,APERIODIC
274128975,tessv1,ECLIPSE
274129369,tessv1,APERIODIC
274129865,tessv1,GDOR_SPB
274130413,tessv1,DSCT_BCEP
274130944,added_myself,DSCT_BCEP
274131100,tessv1,CONTACT_ROT
274167556,added_myself,ECLIPSE
274171066,added_myself,CONTACT_ROT
274176841,added_myself,DSCT_BCEP
274189253,added_myself,DSCT_BCEP
274198139,tessv1,ECLIPSE
274198753,tessv1,SOLARLIKE
274198768,tessv1,CONTACT_ROT
274199823,added_myself,INSTRUMENT/JUNK
274201104,tessv1,CONTACT_ROT
274279940,added_myself,INSTRUMENT/JUNK
274282285,added_myself,CONTACT_ROT
274301058,tessv2,RRLYR_CEPH
274342455,added_myself,ECLIPSE
274413652,added_myself,INSTRUMENT/JUNK
274495172,added_myself,ECLIPSE
274496577,added_myself,DSCT_BCEP
274498245,added_myself,SOLARLIKE
274501526,added_myself,DSCT_BCEP
274512276,added_myself,DSCT_BCEP
274616838,added_myself,CONTACT_ROT
274827101,added_myself,ECLIPSE
274934165,added_myself,INSTRUMENT/JUNK
275295888,added_myself,SOLARLIKE
275304550,added_myself,INSTRUMENT/JUNK
275487196,tessv1,DSCT_BCEP
275488353,tessv1,APERIODIC
275488465,tessv1,SOLARLIKE
275488593,tessv1,DSCT_BCEP
275488733,tessv1,DSCT_BCEP
275489815,tessv1,CONTACT_ROT
275489852,tessv1,CONTACT_ROT
275494202,tessv1,APERIODIC
275494432,tessv1,APERIODIC
275495367,added_myself,SOLARLIKE
275495479,tessv1,APERIODIC
275495603,tessv1,APERIODIC
275496100,tessv1,ECLIPSE
275496829,tessv1,DSCT_BCEP
275496909,tessv1,APERIODIC
275537782,added_myself,INSTRUMENT/JUNK
275539932,added_myself,INSTRUMENT/JUNK
275568334,tessv1,SOLARLIKE
275568537,tessv1,GDOR_SPB
275569018,tessv1,GDOR_SPB
275570197,tessv1,APERIODIC
275570329,tessv1,ECLIPSE
275570703,tessv1,CONTACT_ROT
275571024,added_myself,INSTRUMENT/JUNK
275572812,added_myself,INSTRUMENT/JUNK
275574009,tessv1,APERIODIC
275575030,tessv1,CONTACT_ROT
275575491,tessv1,ECLIPSE
275575638,tessv1,RRLYR_CEPH
275575743,tessv1,ECLIPSE
275575981,tessv1,GDOR_SPB
275577799,tessv1,SOLARLIKE
275625763,training_set_em1,GDOR_SPB
275625893,training_set_em1,DSCT_BCEP
275633173,training_set_em1,GDOR_SPB
275634677,training_set_em1,GDOR_SPB
275653979,added_myself,INSTRUMENT/JUNK
275690126,training_set_em1,GDOR_SPB
275690420,training_set_em1,DSCT_BCEP
275693568,added_myself,SOLARLIKE
275693824,added_myself,INSTRUMENT/JUNK
275719357,added_myself,ECLIPSE
275753747,added_myself,SOLARLIKE
275842390,added_myself,CONTACT_ROT
275951688,added_myself,INSTRUMENT/JUNK
275957405,tessv2,RRLYR_CEPH
275980079,added_myself,DSCT_BCEP
276027109,added_myself,ECLIPSE
276146223,added_myself,CONTACT_ROT
276159776,tessv2,RRLYR_CEPH
276162277,added_myself,ECLIPSE
276279529,tessv2,RRLYR_CEPH
276332278,added_myself,ECLIPSE
276391269,added_myself,DSCT_BCEP
276547393,added_myself,CONTACT_ROT
276625283,added_myself,SOLARLIKE
276625613,added_myself,INSTRUMENT/JUNK
276630842,added_myself,ECLIPSE
276631584,added_myself,DSCT_BCEP
276631639,added_myself,DSCT_BCEP
276639598,added_myself,CONTACT_ROT
276639626,added_myself,CONTACT_ROT
276713401,added_myself,INSTRUMENT/JUNK
276763161,tessv2,RRLYR_CEPH
276824831,added_myself,CONTACT_ROT
276918822,tessv2,RRLYR_CEPH
277005197,added_myself,CONTACT_ROT
277005929,added_myself,ECLIPSE
277010603,added_myself,INSTRUMENT/JUNK
277719744,added_myself,INSTRUMENT/JUNK
277753285,tessv2,RRLYR_CEPH
277951960,tessv2,RRLYR_CEPH
278106863,tessv2,RRLYR_CEPH
278193101,tessv2,RRLYR_CEPH
278202500,added_myself,DSCT_BCEP
278356538,added_myself,CONTACT_ROT
278386566,tessv2,RRLYR_CEPH
278528230,added_myself,CONTACT_ROT
278533000,added_myself,ECLIPSE
278793088,tessv2,RRLYR_CEPH
278904788,added_myself,ECLIPSE
278910502,added_myself,DSCT_BCEP
279168958,added_myself,ECLIPSE
279171947,added_myself,ECLIPSE
279289894,added_myself,DSCT_BCEP
279369742,added_myself,ECLIPSE
279467934,added_myself,SOLARLIKE
279532682,added_myself,INSTRUMENT/JUNK
279844872,tessv1,GDOR_SPB
279911301,added_myself,INSTRUMENT/JUNK
279911552,tessv1,CONTACT_ROT
279911561,tessv1,ECLIPSE
279911829,tessv1,APERIODIC
279913005,tessv1,SOLARLIKE
279915894,tessv1,SOLARLIKE
279917037,tessv1,SOLARLIKE
279917287,added_myself,INSTRUMENT/JUNK
279918064,tessv1,CONTACT_ROT
279918155,added_myself,INSTRUMENT/JUNK
279918206,tessv1,ECLIPSE
279918329,tessv1,SOLARLIKE
279918372,tessv1,CONTACT_ROT
279918374,added_myself,INSTRUMENT/JUNK
279918685,added_myself,INSTRUMENT/JUNK
279918918,added_myself,INSTRUMENT/JUNK
279919136,tessv1,SOLARLIKE
279980037,training_set_em1,GDOR_SPB
279981021,training_set_em1,DSCT_BCEP
280032850,training_set_em1,DSCT_BCEP
280033289,tessv2,RRLYR_CEPH
280034947,training_set_em1,GDOR_SPB
280068700,training_set_em1,DSCT_BCEP
280163863,training_set_em1,GDOR_SPB
280163888,added_myself,CONTACT_ROT
281776035,tessv2,RRLYR_CEPH
282074988,added_myself,SOLARLIKE
282175649,added_myself,ECLIPSE
282182563,added_myself,ECLIPSE
282244353,added_myself,SOLARLIKE
282249794,added_myself,SOLARLIKE
282251832,added_myself,CONTACT_ROT
282367386,added_myself,SOLARLIKE
282460831,added_myself,SOLARLIKE
282544317,added_myself,SOLARLIKE
282547143,tessv2,RRLYR_CEPH
282547600,added_myself,SOLARLIKE
282548451,added_myself,INSTRUMENT/JUNK
282553094,added_myself,INSTRUMENT/JUNK
282553967,added_myself,INSTRUMENT/JUNK
282590080,tessv2,RRLYR_CEPH
282648446,added_myself,INSTRUMENT/JUNK
282650532,added_myself,ECLIPSE
282650751,added_myself,ECLIPSE
282759645,tessv2,RRLYR_CEPH
282760184,added_myself,DSCT_BCEP
282838341,added_myself,SOLARLIKE
282922963,added_myself,INSTRUMENT/JUNK
282923372,added_myself,INSTRUMENT/JUNK
282940633,tessv2,RRLYR_CEPH
283147747,added_myself,CONTACT_ROT
283150956,added_myself,SOLARLIKE
283154362,added_myself,SOLARLIKE
283159576,added_myself,SOLARLIKE
283222659,added_myself,INSTRUMENT/JUNK
283225705,added_myself,ECLIPSE
283277732,added_myself,DSCT_BCEP
283281372,added_myself,INSTRUMENT/JUNK
283282331,added_myself,INSTRUMENT/JUNK
283318159,tessv2,RRLYR_CEPH
283850306,added_myself,INSTRUMENT/JUNK
284168758,added_myself,SOLARLIKE
284185831,added_myself,DSCT_BCEP
284202115,added_myself,INSTRUMENT/JUNK
284205099,added_myself,SOLARLIKE
284294738,added_myself,SOLARLIKE
284357870,training_set_em1,DSCT_BCEP
284360250,added_myself,CONTACT_ROT
284363413,added_myself,SOLARLIKE
284364658,training_set_em1,GDOR_SPB
284453119,training_set_em1,GDOR_SPB
284454999,training_set_em1,GDOR_SPB
284481331,added_myself,INSTRUMENT/JUNK
284557286,added_myself,SOLARLIKE
284557991,training_set_em1,DSCT_BCEP
284563075,training_set_em1,DSCT_BCEP
284563076,added_myself,INSTRUMENT/JUNK
284563919,training_set_em1,DSCT_BCEP
284595994,added_myself,INSTRUMENT/JUNK
284598773,tessv2,RRLYR_CEPH
284680321,added_myself,INSTRUMENT/JUNK
284683078,tessv2,RRLYR_CEPH
284757524,tessv2,RRLYR_CEPH
284800747,training_set_em1,DSCT_BCEP
284891601,training_set_em1,CONTACT_ROT
284891650,training_set_em1,CONTACT_ROT
284904182,training_set_em1,CONTACT_ROT
285099461,tessv2,RRLYR_CEPH
285139100,tessv2,RRLYR_CEPH
285448217,tessv2,RRLYR_CEPH
286211280,added_myself,SOLARLIKE
286391738,added_myself,SOLARLIKE
286458094,tessv2,RRLYR_CEPH
286466705,tessv2,RRLYR_CEPH
286554287,tessv2,RRLYR_CEPH
286862437,added_myself,SOLARLIKE
286946036,added_myself,SOLARLIKE
286947600,added_myself,INSTRUMENT/JUNK
287087638,added_myself,INSTRUMENT/JUNK
287129532,training_set_em1,GDOR_SPB
287130814,training_set_em1,DSCT_BCEP
287131480,training_set_em1,DSCT_BCEP
287132253,training_set_em1,DSCT_BCEP
287132595,training_set_em1,GDOR_SPB
287135527,added_myself,CONTACT_ROT
287137067,training_set_em1,DSCT_BCEP
287140229,training_set_em1,DSCT_BCEP
287193153,training_set_em1,GDOR_SPB
287194283,training_set_em1,GDOR_SPB
287265982,added_myself,INSTRUMENT/JUNK
287363132,added_myself,DSCT_BCEP
287395662,tessv2,RRLYR_CEPH
287499687,added_myself,SOLARLIKE
287596285,added_myself,SOLARLIKE
287598646,added_myself,ECLIPSE
287600318,added_myself,INSTRUMENT/JUNK
287925132,added_myself,SOLARLIKE
288003943,added_myself,CONTACT_ROT
288266911,training_set_em1,GDOR_SPB
288269394,training_set_em1,GDOR_SPB
288344202,added_myself,CONTACT_ROT
288344310,added_myself,INSTRUMENT/JUNK
288381881,training_set_em1,CONTACT_ROT
288392504,training_set_em1,GDOR_SPB
288407573,training_set_em1,DSCT_BCEP
288407906,training_set_em1,GDOR_SPB
288408138,tessv2,RRLYR_CEPH
288471108,added_myself,ECLIPSE
288471173,added_myself,INSTRUMENT/JUNK
288471431,training_set_em1,DSCT_BCEP
288507797,training_set_em1,DSCT_BCEP
288510228,added_myself,INSTRUMENT/JUNK
288510703,training_set_em1,CONTACT_ROT
288515944,added_myself,INSTRUMENT/JUNK
288515973,added_myself,INSTRUMENT/JUNK
288525542,training_set_em1,DSCT_BCEP
288525701,added_myself,SOLARLIKE
288601702,training_set_em1,DSCT_BCEP
288603496,added_myself,CONTACT_ROT
288611788,training_set_em1,DSCT_BCEP
288677533,training_set_em1,GDOR_SPB
288735074,training_set_em1,DSCT_BCEP
289167276,tessv2,RRLYR_CEPH
289236172,tessv2,RRLYR_CEPH
289456158,tessv2,RRLYR_CEPH
289464344,added_myself,INSTRUMENT/JUNK
289465799,added_myself,SOLARLIKE
289552142,added_myself,CONTACT_ROT
289589931,training_set_em1,DSCT_BCEP
289623695,training_set_em1,GDOR_SPB
289624039,added_myself,INSTRUMENT/JUNK
289649448,tessv2,RRLYR_CEPH
289722963,added_myself,ECLIPSE
289899931,tessv2,RRLYR_CEPH
290005242,tessv1,SOLARLIKE
290032390,added_myself,INSTRUMENT/JUNK
290032639,added_myself,INSTRUMENT/JUNK
290033065,added_myself,INSTRUMENT/JUNK
290033206,added_myself,INSTRUMENT/JUNK
290033550,added_myself,INSTRUMENT/JUNK
290033595,added_myself,INSTRUMENT/JUNK
290033610,added_myself,INSTRUMENT/JUNK
290034441,added_myself,INSTRUMENT/JUNK
290034553,tessv1,GDOR_SPB
290067017,tessv2,RRLYR_CEPH
290221886,added_myself,INSTRUMENT/JUNK
290277380,tessv2,RRLYR_CEPH
290311870,added_myself,CONTACT_ROT
290442169,added_myself,INSTRUMENT/JUNK
290449077,added_myself,DSCT_BCEP
290454176,added_myself,SOLARLIKE
290575462,added_myself,DSCT_BCEP
290585783,added_myself,DSCT_BCEP
290688175,added_myself,ECLIPSE
290906085,added_myself,INSTRUMENT/JUNK
293878025,training_set_em1,GDOR_SPB
293886294,added_myself,CONTACT_ROT
293947708,added_myself,INSTRUMENT/JUNK
293954660,added_myself,ECLIPSE
293955231,added_myself,INSTRUMENT/JUNK
294074214,added_myself,DSCT_BCEP
294173902,added_myself,INSTRUMENT/JUNK
294177349,added_myself,CONTACT_ROT
294280388,added_myself,INSTRUMENT/JUNK
294281203,added_myself,ECLIPSE
294283415,added_myself,CONTACT_ROT
294284290,added_myself,SOLARLIKE
294367811,added_myself,INSTRUMENT/JUNK
294368858,added_myself,DSCT_BCEP
294369120,added_myself,DSCT_BCEP
294380466,added_myself,INSTRUMENT/JUNK
294466542,added_myself,INSTRUMENT/JUNK
294468469,tessv2,RRLYR_CEPH
294470422,added_myself,INSTRUMENT/JUNK
294473233,added_myself,DSCT_BCEP
294473261,added_myself,DSCT_BCEP
294476358,added_myself,ECLIPSE
294594165,added_myself,SOLARLIKE
294596049,added_myself,SOLARLIKE
294674644,added_myself,DSCT_BCEP
294896503,added_myself,SOLARLIKE
294896707,added_myself,SOLARLIKE
294897266,added_myself,SOLARLIKE
295013661,added_myself,INSTRUMENT/JUNK
295016841,tessv2,RRLYR_CEPH
295024011,added_myself,DSCT_BCEP
295110192,added_myself,INSTRUMENT/JUNK
295112723,added_myself,INSTRUMENT/JUNK
295114363,added_myself,SOLARLIKE
295300066,added_myself,INSTRUMENT/JUNK
295302480,added_myself,INSTRUMENT/JUNK
295307382,added_myself,SOLARLIKE
295309119,added_myself,CONTACT_ROT
295632463,added_myself,SOLARLIKE
295635234,added_myself,INSTRUMENT/JUNK
295712288,added_myself,SOLARLIKE
295801108,added_myself,CONTACT_ROT
295801325,added_myself,SOLARLIKE
295802690,added_myself,INSTRUMENT/JUNK
295810460,added_myself,INSTRUMENT/JUNK
296015547,added_myself,SOLARLIKE
296019320,added_myself,SOLARLIKE
296020732,added_myself,INSTRUMENT/JUNK
296317159,added_myself,INSTRUMENT/JUNK
296458941,added_myself,INSTRUMENT/JUNK
296626414,tessv2,RRLYR_CEPH
296774595,tessv2,RRLYR_CEPH
297149326,added_myself,ECLIPSE
297509326,added_myself,DSCT_BCEP
297602922,added_myself,CONTACT_ROT
297613233,added_myself,SOLARLIKE
297673678,added_myself,INSTRUMENT/JUNK
297678145,added_myself,SOLARLIKE
298014548,added_myself,INSTRUMENT/JUNK
298074522,added_myself,SOLARLIKE
298289469,training_set_em1,GDOR_SPB
298290558,training_set_em1,GDOR_SPB
298291857,added_myself,INSTRUMENT/JUNK
298293053,added_myself,ECLIPSE
298421458,added_myself,ECLIPSE
298424637,added_myself,SOLARLIKE
298481701,added_myself,SOLARLIKE
298484531,added_myself,SOLARLIKE
298484733,added_myself,SOLARLIKE
298496683,tessv2,RRLYR_CEPH
298553044,tessv2,RRLYR_CEPH
298565687,added_myself,SOLARLIKE
298599710,training_set_em1,DSCT_BCEP
298600026,added_myself,SOLARLIKE
298652257,added_myself,ECLIPSE
298652393,added_myself,INSTRUMENT/JUNK
298665056,training_set_em1,DSCT_BCEP
298706721,added_myself,INSTRUMENT/JUNK
298707023,added_myself,INSTRUMENT/JUNK
298774174,added_myself,INSTRUMENT/JUNK
298779157,added_myself,INSTRUMENT/JUNK
298782588,training_set_em1,DSCT_BCEP
298784263,added_myself,INSTRUMENT/JUNK
298785446,tessv1,CONTACT_ROT
298785576,added_myself,INSTRUMENT/JUNK
298786408,added_myself,ECLIPSE
298786602,tessv1,GDOR_SPB
298786653,tessv1,CONTACT_ROT
298787501,added_myself,INSTRUMENT/JUNK
298787507,added_myself,INSTRUMENT/JUNK
298833485,added_myself,INSTRUMENT/JUNK
298833736,added_myself,INSTRUMENT/JUNK
298834002,tessv1,SOLARLIKE
298834152,tessv1,SOLARLIKE
298834175,tessv1,SOLARLIKE
298834215,tessv1,CONTACT_ROT
298834663,added_myself,INSTRUMENT/JUNK
298834851,tessv1,GDOR_SPB
298836001,tessv1,SOLARLIKE
298836543,tessv1,SOLARLIKE
298836626,tessv1,SOLARLIKE
298837099,added_myself,SOLARLIKE
298841257,added_myself,SOLARLIKE
298892207,tessv1,DSCT_BCEP
298893903,added_myself,SOLARLIKE
298894167,added_myself,INSTRUMENT/JUNK
298894286,tessv1,GDOR_SPB
298895352,added_myself,INSTRUMENT/JUNK
298897258,tessv1,CONTACT_ROT
298897461,added_myself,INSTRUMENT/JUNK
298897823,tessv1,GDOR_SPB
298897961,added_myself,INSTRUMENT/JUNK
298898071,added_myself,INSTRUMENT/JUNK
298898097,added_myself,INSTRUMENT/JUNK
298901904,added_myself,SOLARLIKE
298902771,tessv1,CONTACT_ROT
298961510,added_myself,INSTRUMENT/JUNK
298962007,added_myself,INSTRUMENT/JUNK
298963314,tessv1,CONTACT_ROT
298963376,added_myself,INSTRUMENT/JUNK
298963386,added_myself,INSTRUMENT/JUNK
298964679,added_myself,INSTRUMENT/JUNK
298965168,added_myself,SOLARLIKE
298965579,added_myself,DSCT_BCEP
298965708,tessv1,APERIODIC
298965947,tessv1,CONTACT_ROT
298966021,tessv1,ECLIPSE
298966312,tessv1,DSCT_BCEP
298968596,added_myself,INSTRUMENT/JUNK
298969735,added_myself,INSTRUMENT/JUNK
298969764,added_myself,INSTRUMENT/JUNK
298969976,added_myself,INSTRUMENT/JUNK
298970478,tessv1,GDOR_SPB
298974999,added_myself,INSTRUMENT/JUNK
299028489,added_myself,INSTRUMENT/JUNK
299028806,added_myself,INSTRUMENT/JUNK
299029283,added_myself,INSTRUMENT/JUNK
299029336,added_myself,INSTRUMENT/JUNK
299029982,added_myself,INSTRUMENT/JUNK
299030023,added_myself,INSTRUMENT/JUNK
299032518,tessv1,DSCT_BCEP
299032735,tessv1,GDOR_SPB
299033445,tessv1,CONTACT_ROT
299087824,added_myself,SOLARLIKE
299087933,added_myself,SOLARLIKE
299087945,tessv1,DSCT_BCEP
299088158,tessv1,SOLARLIKE
299088765,added_myself,INSTRUMENT/JUNK
299088954,added_myself,INSTRUMENT/JUNK
299089053,added_myself,INSTRUMENT/JUNK
299090189,tessv1,APERIODIC
299090223,added_myself,INSTRUMENT/JUNK
299090237,added_myself,INSTRUMENT/JUNK
299090420,added_myself,INSTRUMENT/JUNK
299091580,added_myself,INSTRUMENT/JUNK
299095822,added_myself,INSTRUMENT/JUNK
299096106,added_myself,INSTRUMENT/JUNK
299096355,tessv1,ECLIPSE
299096497,tessv1,SOLARLIKE
299097182,tessv1,SOLARLIKE
299152988,tessv1,APERIODIC
299153081,added_myself,INSTRUMENT/JUNK
299153554,added_myself,INSTRUMENT/JUNK
299153697,tessv1,DSCT_BCEP
299154689,added_myself,INSTRUMENT/JUNK
299156567,tessv1,DSCT_BCEP
299156852,tessv1,CONTACT_ROT
299158775,added_myself,INSTRUMENT/JUNK
299159484,tessv1,DSCT_BCEP
299159523,tessv1,GDOR_SPB
299160623,added_myself,INSTRUMENT/JUNK
299161525,added_myself,INSTRUMENT/JUNK
299161687,added_myself,INSTRUMENT/JUNK
299214354,added_myself,SOLARLIKE
299217208,added_myself,INSTRUMENT/JUNK
299217434,added_myself,INSTRUMENT/JUNK
299217478,added_myself,INSTRUMENT/JUNK
299217827,added_myself,INSTRUMENT/JUNK
299218066,tessv1,APERIODIC
299218219,tessv1,GDOR_SPB
299218362,added_myself,INSTRUMENT/JUNK
299218754,added_myself,INSTRUMENT/JUNK
299219025,tessv1,ECLIPSE
299219294,added_myself,INSTRUMENT/JUNK
299219650,tessv1,DSCT_BCEP
299219710,tessv1,CONTACT_ROT
299219802,tessv1,GDOR_SPB
299219901,tessv1,DSCT_BCEP
299220418,added_myself,INSTRUMENT/JUNK
300993425,tessv2,RRLYR_CEPH
302330645,added_myself,INSTRUMENT/JUNK
302749993,added_myself,SOLARLIKE
302757471,tessv2,RRLYR_CEPH
303172352,added_myself,INSTRUMENT/JUNK
303172517,added_myself,DSCT_BCEP
303178091,added_myself,DSCT_BCEP
303179889,added_myself,SOLARLIKE
303243517,added_myself,SOLARLIKE
303245168,added_myself,INSTRUMENT/JUNK
304264495,added_myself,DSCT_BCEP
304265093,added_myself,CONTACT_ROT
304600638,tessv2,RRLYR_CEPH
304635143,added_myself,ECLIPSE
304751142,tessv2,RRLYR_CEPH
304762605,added_myself,DSCT_BCEP
305166171,added_myself,SOLARLIKE
305293337,added_myself,DSCT_BCEP
305296555,added_myself,INSTRUMENT/JUNK
305466425,added_myself,ECLIPSE
305474975,added_myself,ECLIPSE
305541753,added_myself,INSTRUMENT/JUNK
305637903,added_myself,SOLARLIKE
305639852,added_myself,INSTRUMENT/JUNK
305768241,added_myself,ECLIPSE
305772586,added_myself,CONTACT_ROT
305779264,added_myself,INSTRUMENT/JUNK
305861952,tessv2,RRLYR_CEPH
305869843,added_myself,DSCT_BCEP
305871791,added_myself,ECLIPSE
305876157,added_myself,CONTACT_ROT
307956490,added_myself,INSTRUMENT/JUNK
307984487,training_set_em1,GDOR_SPB
307984979,training_set_em1,GDOR_SPB
307987048,training_set_em1,GDOR_SPB
308361507,tessv2,RRLYR_CEPH
310098372,added_myself,INSTRUMENT/JUNK
310381473,added_myself,CONTACT_ROT
310772078,added_myself,ECLIPSE
310826757,added_myself,INSTRUMENT/JUNK
310934733,added_myself,INSTRUMENT/JUNK
311018087,tessv2,RRLYR_CEPH
311088475,added_myself,SOLARLIKE
311684861,tessv2,RRLYR_CEPH
311687573,added_myself,INSTRUMENT/JUNK
311691368,added_myself,INSTRUMENT/JUNK
312373133,added_myself,SOLARLIKE
312495986,added_myself,DSCT_BCEP
312634313,added_myself,INSTRUMENT/JUNK
312639883,added_myself,DSCT_BCEP
312794544,added_myself,DSCT_BCEP
312893819,added_myself,SOLARLIKE
313014686,added_myself,SOLARLIKE
313018622,added_myself,DSCT_BCEP
313020024,added_myself,DSCT_BCEP
313108955,added_myself,INSTRUMENT/JUNK
313149052,added_myself,SOLARLIKE
313338108,added_myself,INSTRUMENT/JUNK
313355070,tessv2,RRLYR_CEPH
313424698,added_myself,INSTRUMENT/JUNK
313756464,tessv2,RRLYR_CEPH
314186678,tessv2,RRLYR_CEPH
314305894,added_myself,CONTACT_ROT
314590451,added_myself,CONTACT_ROT
314788848,added_myself,CONTACT_ROT
314795985,added_myself,SOLARLIKE
316420664,tessv2,RRLYR_CEPH
316451192,added_myself,DSCT_BCEP
317170031,tessv2,RRLYR_CEPH
320323678,training_set_em1,GDOR_SPB
320502514,added_myself,SOLARLIKE
320505460,added_myself,INSTRUMENT/JUNK
320523366,training_set_em1,DSCT_BCEP
320524743,added_myself,INSTRUMENT/JUNK
320526395,training_set_em1,DSCT_BCEP
321668215,training_set_em1,GDOR_SPB
321764290,tessv2,RRLYR_CEPH
322283188,tessv2,RRLYR_CEPH
326258494,training_set_em1,GDOR_SPB
328525962,tessv2,RRLYR_CEPH
328536639,tessv2,RRLYR_CEPH
328824348,added_myself,CONTACT_ROT
328899549,added_myself,SOLARLIKE
329153767,training_set_em1,DSCT_BCEP
329171987,training_set_em1,GDOR_SPB
329172921,training_set_em1,GDOR_SPB
329175303,added_myself,CONTACT_ROT
329189306,added_myself,ECLIPSE
329246973,training_set_em1,GDOR_SPB
329248002,added_myself,ECLIPSE
329289338,training_set_em1,DSCT_BCEP
329290438,training_set_em1,GDOR_SPB
329343346,training_set_em1,GDOR_SPB
329344672,training_set_em1,CONTACT_ROT
329349834,tessv2,RRLYR_CEPH
329619926,added_myself,DSCT_BCEP
329800644,added_myself,DSCT_BCEP
329954336,tessv2,RRLYR_CEPH
329954477,added_myself,ECLIPSE
329961572,added_myself,ECLIPSE
330203676,added_myself,INSTRUMENT/JUNK
330833355,added_myself,INSTRUMENT/JUNK
330833578,added_myself,INSTRUMENT/JUNK
331191599,added_myself,SOLARLIKE
331191718,added_myself,INSTRUMENT/JUNK
331227163,added_myself,INSTRUMENT/JUNK
331370290,added_myself,SOLARLIKE
331373242,added_myself,CONTACT_ROT
331374513,added_myself,SOLARLIKE
331379738,added_myself,SOLARLIKE
331734562,added_myself,INSTRUMENT/JUNK
331736322,added_myself,CONTACT_ROT
331737217,added_myself,INSTRUMENT/JUNK
332298521,added_myself,INSTRUMENT/JUNK
332312964,added_myself,CONTACT_ROT
332350041,added_myself,INSTRUMENT/JUNK
333785333,training_set_em1,DSCT_BCEP
334677678,training_set_em1,GDOR_SPB
334780420,training_set_em1,DSCT_BCEP
334797519,added_myself,CONTACT_ROT
335683602,tessv2,RRLYR_CEPH
335721275,added_myself,SOLARLIKE
335768618,added_myself,INSTRUMENT/JUNK
335917805,tessv2,RRLYR_CEPH
335965838,added_myself,SOLARLIKE
336006351,added_myself,INSTRUMENT/JUNK
336007350,training_set_em1,GDOR_SPB
336007639,added_myself,INSTRUMENT/JUNK
336265494,added_myself,DSCT_BCEP
336334659,added_myself,DSCT_BCEP
336410894,tessv2,RRLYR_CEPH
340076371,tessv2,RRLYR_CEPH
340906783,added_myself,SOLARLIKE
340909387,added_myself,INSTRUMENT/JUNK
341572245,added_myself,INSTRUMENT/JUNK
341707638,added_myself,SOLARLIKE
341813613,training_set_em1,DSCT_BCEP
341814324,training_set_em1,DSCT_BCEP
341817609,training_set_em1,DSCT_BCEP
341839533,added_myself,INSTRUMENT/JUNK
341840829,added_myself,SOLARLIKE
341872349,training_set_em1,DSCT_BCEP
341874514,training_set_em1,DSCT_BCEP
343265790,added_myself,INSTRUMENT/JUNK
343265877,added_myself,INSTRUMENT/JUNK
343270453,added_myself,DSCT_BCEP
343329498,added_myself,SOLARLIKE
343331650,added_myself,SOLARLIKE
343408367,added_myself,DSCT_BCEP
343462202,added_myself,DSCT_BCEP
343563883,added_myself,SOLARLIKE
343620085,tessv2,RRLYR_CEPH
345431258,added_myself,ECLIPSE
345514014,added_myself,INSTRUMENT/JUNK
345605787,added_myself,INSTRUMENT/JUNK
345713405,added_myself,DSCT_BCEP
345720835,added_myself,SOLARLIKE
345721184,added_myself,SOLARLIKE
345998125,added_myself,DSCT_BCEP
346060357,tessv2,RRLYR_CEPH
346126194,added_myself,INSTRUMENT/JUNK
347701882,tessv2,RRLYR_CEPH
347799445,tessv2,RRLYR_CEPH
348512746,tessv2,RRLYR_CEPH
349916384,added_myself,SOLARLIKE
349917160,training_set_em1,GDOR_SPB
349917921,training_set_em1,GDOR_SPB
349919796,training_set_em1,GDOR_SPB
349977744,training_set_em1,CONTACT_ROT
350695193,training_set_em1,GDOR_SPB
350696291,training_set_em1,DSCT_BCEP
350737843,added_myself,INSTRUMENT/JUNK
350738167,added_myself,INSTRUMENT/JUNK
350738259,tessv1,ECLIPSE
350738793,added_myself,INSTRUMENT/JUNK
350738997,added_myself,INSTRUMENT/JUNK
350810436,tessv1,SOLARLIKE
350810606,tessv1,SOLARLIKE
350810737,tessv1,GDOR_SPB
350810781,tessv1,CONTACT_ROT
350810915,tessv1,DSCT_BCEP
350811109,tessv1,ECLIPSE
350811140,tessv1,CONTACT_ROT
350811257,tessv1,SOLARLIKE
350811413,tessv1,DSCT_BCEP
350811493,tessv1,SOLARLIKE
350812299,tessv1,DSCT_BCEP
350812471,tessv1,GDOR_SPB
350812753,tessv1,SOLARLIKE
350812863,added_myself,INSTRUMENT/JUNK
350813797,tessv1,CONTACT_ROT
350814113,added_myself,INSTRUMENT/JUNK
350814163,added_myself,INSTRUMENT/JUNK
350814213,tessv1,SOLARLIKE
350814839,tessv1,SOLARLIKE
350817186,added_myself,SOLARLIKE
351052070,added_myself,INSTRUMENT/JUNK
351053061,added_myself,INSTRUMENT/JUNK
351055073,tessv1,CONTACT_ROT
351055919,tessv1,ECLIPSE
351059695,added_myself,INSTRUMENT/JUNK
351059759,added_myself,INSTRUMENT/JUNK
351061627,added_myself,INSTRUMENT/JUNK
351062475,added_myself,INSTRUMENT/JUNK
351064473,tessv1,CONTACT_ROT
351071877,tessv1,APERIODIC
351073021,tessv2,RRLYR_CEPH
351188782,added_myself,INSTRUMENT/JUNK
351188906,tessv1,CONTACT_ROT
351189360,added_myself,INSTRUMENT/JUNK
351189711,added_myself,SOLARLIKE
351190765,added_myself,INSTRUMENT/JUNK
351190817,tessv1,APERIODIC
351190911,added_myself,INSTRUMENT/JUNK
351191751,added_myself,INSTRUMENT/JUNK
351192635,added_myself,INSTRUMENT/JUNK
351192765,added_myself,INSTRUMENT/JUNK
351193003,tessv1,CONTACT_ROT
351193098,tessv1,ECLIPSE
351193390,added_myself,INSTRUMENT/JUNK
351193755,tessv1,SOLARLIKE
351205080,added_myself,INSTRUMENT/JUNK
351287538,added_myself,INSTRUMENT/JUNK
351290792,added_myself,SOLARLIKE
351293329,added_myself,CONTACT_ROT
351298367,added_myself,INSTRUMENT/JUNK
351323932,added_myself,INSTRUMENT/JUNK
351434257,added_myself,SOLARLIKE
351486043,added_myself,DSCT_BCEP
351682448,added_myself,INSTRUMENT/JUNK
351685529,tessv1,DSCT_BCEP
351763164,tessv1,SOLARLIKE
351763360,tessv1,APERIODIC
351766286,tessv1,GDOR_SPB
351766347,added_myself,INSTRUMENT/JUNK
351766627,added_myself,INSTRUMENT/JUNK
351769533,tessv1,GDOR_SPB
351799728,added_myself,INSTRUMENT/JUNK
351799934,added_myself,INSTRUMENT/JUNK
351800211,added_myself,INSTRUMENT/JUNK
351800346,added_myself,INSTRUMENT/JUNK
351800523,tessv1,APERIODIC
351800600,added_myself,INSTRUMENT/JUNK
351802207,tessv1,SOLARLIKE
351802214,tessv1,GDOR_SPB
351802641,tessv1,ECLIPSE
351802844,tessv1,APERIODIC
351803255,tessv1,APERIODIC
351803493,added_myself,INSTRUMENT/JUNK
351803550,tessv1,ECLIPSE
351804416,tessv1,CONTACT_ROT
351804535,tessv1,APERIODIC
351869415,added_myself,DSCT_BCEP
351897360,tessv1,SOLARLIKE
351897447,added_myself,INSTRUMENT/JUNK
351897460,added_myself,INSTRUMENT/JUNK
351897575,tessv1,APERIODIC
351897646,added_myself,INSTRUMENT/JUNK
351898041,added_myself,INSTRUMENT/JUNK
351898076,tessv1,SOLARLIKE
351898467,tessv1,SOLARLIKE
351908254,added_myself,INSTRUMENT/JUNK
351909152,tessv1,SOLARLIKE
351911592,tessv1,SOLARLIKE
351927925,tessv2,RRLYR_CEPH
351930723,added_myself,DSCT_BCEP
351932731,added_myself,SOLARLIKE
352010812,tessv1,CONTACT_ROT
352012002,tessv1,CONTACT_ROT
352012583,tessv1,SOLARLIKE
352012713,tessv1,APERIODIC
352013302,tessv1,SOLARLIKE
352013659,tessv1,SOLARLIKE
352015283,added_myself,INSTRUMENT/JUNK
352015297,added_myself,INSTRUMENT/JUNK
352043301,added_myself,INSTRUMENT/JUNK
352052058,added_myself,CONTACT_ROT
352150799,added_myself,CONTACT_ROT
352175348,training_set_em1,DSCT_BCEP
352231014,added_myself,SOLARLIKE
352231263,training_set_em1,DSCT_BCEP
352236592,training_set_em1,GDOR_SPB
352236930,training_set_em1,DSCT_BCEP
352237616,training_set_em1,DSCT_BCEP
352239594,training_set_em1,CONTACT_ROT
352264138,added_myself,DSCT_BCEP
352299987,training_set_em1,GDOR_SPB
352302297,added_myself,CONTACT_ROT
352369889,added_myself,INSTRUMENT/JUNK
352371843,training_set_em1,GDOR_SPB
352372899,added_myself,SOLARLIKE
352530286,tessv2,RRLYR_CEPH
352608583,added_myself,CONTACT_ROT
352699778,added_myself,ECLIPSE
352758445,added_myself,INSTRUMENT/JUNK
352759654,added_myself,DSCT_BCEP
352763215,added_myself,DSCT_BCEP
352913879,added_myself,CONTACT_ROT
352951277,added_myself,DSCT_BCEP
353210640,added_myself,ECLIPSE
353336703,added_myself,ECLIPSE
353339090,added_myself,ECLIPSE
353344994,added_myself,CONTACT_ROT
353347226,added_myself,DSCT_BCEP
353734938,training_set_em1,GDOR_SPB
353778053,added_myself,SOLARLIKE
353779523,training_set_em1,GDOR_SPB
353780696,added_myself,INSTRUMENT/JUNK
353782305,tessv2,RRLYR_CEPH
353808567,training_set_em1,DSCT_BCEP
353818407,training_set_em1,DSCT_BCEP
353871287,training_set_em1,CONTACT_ROT
353871537,added_myself,SOLARLIKE
353894637,added_myself,INSTRUMENT/JUNK
353895839,added_myself,INSTRUMENT/JUNK
353897436,training_set_em1,GDOR_SPB
353937856,training_set_em1,DSCT_BCEP
353937916,training_set_em1,DSCT_BCEP
353987913,training_set_em1,GDOR_SPB
353989864,training_set_em1,GDOR_SPB
353990418,training_set_em1,GDOR_SPB
354035787,added_myself,INSTRUMENT/JUNK
355746227,added_myself,ECLIPSE
355746700,added_myself,ECLIPSE
355753872,added_myself,INSTRUMENT/JUNK
355753975,added_myself,DSCT_BCEP
355896556,added_myself,INSTRUMENT/JUNK
355906375,added_myself,DSCT_BCEP
355936485,tessv2,RRLYR_CEPH
355937771,added_myself,SOLARLIKE
356039152,added_myself,SOLARLIKE
356108044,added_myself,DSCT_BCEP
356108811,training_set_em1,GDOR_SPB
356108814,training_set_em1,GDOR_SPB
356111717,training_set_em1,DSCT_BCEP
356151089,added_myself,INSTRUMENT/JUNK
356155578,added_myself,INSTRUMENT/JUNK
356310798,training_set_em1,GDOR_SPB
356312285,tessv2,RRLYR_CEPH
356337978,tessv2,RRLYR_CEPH
356345502,tessv2,RRLYR_CEPH
356349773,training_set_em1,CONTACT_ROT
356512700,added_myself,ECLIPSE
356515582,tessv2,RRLYR_CEPH
356665798,added_myself,CONTACT_ROT
356683542,tessv2,RRLYR_CEPH
356735215,training_set_em1,DSCT_BCEP
356735787,training_set_em1,DSCT_BCEP
356820178,training_set_em1,GDOR_SPB
356823498,training_set_em1,DSCT_BCEP
356891898,added_myself,INSTRUMENT/JUNK
356892382,training_set_em1,GDOR_SPB
356892430,training_set_em1,GDOR_SPB
356893475,training_set_em1,DSCT_BCEP
356895890,training_set_em1,GDOR_SPB
356920361,training_set_em1,CONTACT_ROT
356967779,added_myself,DSCT_BCEP
357032364,training_set_em1,DSCT_BCEP
357033739,training_set_em1,GDOR_SPB
357034730,added_myself,INSTRUMENT/JUNK
357045691,training_set_em1,GDOR_SPB
357046661,training_set_em1,GDOR_SPB
357049432,added_myself,INSTRUMENT/JUNK
357050434,added_myself,DSCT_BCEP
357079959,added_myself,CONTACT_ROT
357088403,added_myself,DSCT_BCEP
357090350,added_myself,ECLIPSE
357096415,training_set_em1,GDOR_SPB
357175482,tessv2,RRLYR_CEPH
357452639,tessv2,RRLYR_CEPH
357551421,added_myself,DSCT_BCEP
357559122,added_myself,INSTRUMENT/JUNK
357595904,training_set_em1,GDOR_SPB
357596800,training_set_em1,DSCT_BCEP
357648956,added_myself,INSTRUMENT/JUNK
357685774,training_set_em1,GDOR_SPB
357861141,added_myself,DSCT_BCEP
358019276,tessv2,RRLYR_CEPH
358147674,tessv2,RRLYR_CEPH
358190601,added_myself,DSCT_BCEP
358317315,added_myself,ECLIPSE
358427670,tessv2,RRLYR_CEPH
358732904,tessv2,RRLYR_CEPH
359312481,tessv2,RRLYR_CEPH
359312804,tessv2,RRLYR_CEPH
359496202,training_set_em1,GDOR_SPB
359498863,training_set_em1,DSCT_BCEP
359556659,training_set_em1,DSCT_BCEP
359585794,added_myself,SOLARLIKE
359586492,training_set_em1,GDOR_SPB
359632631,added_myself,SOLARLIKE
359634172,added_myself,INSTRUMENT/JUNK
359674730,added_myself,SOLARLIKE
359674840,training_set_em1,DSCT_BCEP
359675242,training_set_em1,DSCT_BCEP
359676436,added_myself,SOLARLIKE
359678119,tessv2,RRLYR_CEPH
359678383,training_set_em1,DSCT_BCEP
359679515,training_set_em1,GDOR_SPB
359679682,added_myself,SOLARLIKE
359981731,added_myself,INSTRUMENT/JUNK
359982521,added_myself,DSCT_BCEP
360019901,added_myself,SOLARLIKE
360020480,tessv2,RRLYR_CEPH
360021292,training_set_em1,DSCT_BCEP
360021730,tessv1,APERIODIC
360021751,tessv1,DSCT_BCEP
360021776,tessv1,CONTACT_ROT
360022005,tessv1,DSCT_BCEP
360022051,tessv1,DSCT_BCEP
360022203,tessv1,CONTACT_ROT
360022303,tessv1,DSCT_BCEP
360023118,tessv1,CONTACT_ROT
360023141,tessv1,DSCT_BCEP
360023953,tessv1,SOLARLIKE
360024513,tessv1,DSCT_BCEP
360028729,tessv1,ECLIPSE
360413337,tessv2,RRLYR_CEPH
360751644,tessv2,RRLYR_CEPH
361325293,tessv2,RRLYR_CEPH
361522932,tessv2,RRLYR_CEPH
362212713,added_myself,SOLARLIKE
362213253,training_set_em1,DSCT_BCEP
362213287,training_set_em1,GDOR_SPB
362217268,training_set_em1,GDOR_SPB
362217907,training_set_em1,DSCT_BCEP
362222572,training_set_em1,GDOR_SPB
362226953,training_set_em1,GDOR_SPB
362256615,added_myself,INSTRUMENT/JUNK
362259736,tessv2,RRLYR_CEPH
362260549,added_myself,INSTRUMENT/JUNK
363588253,added_myself,SOLARLIKE
363674569,added_myself,ECLIPSE
364011499,tessv2,RRLYR_CEPH
364074524,training_set_em1,DSCT_BCEP
364116785,training_set_em1,DSCT_BCEP
364119744,training_set_em1,GDOR_SPB
364691387,added_myself,INSTRUMENT/JUNK
364694757,added_myself,INSTRUMENT/JUNK
364759831,added_myself,INSTRUMENT/JUNK
364766176,added_myself,SOLARLIKE
364766584,added_myself,INSTRUMENT/JUNK
364768072,added_myself,INSTRUMENT/JUNK
364824730,added_myself,SOLARLIKE
364831313,added_myself,INSTRUMENT/JUNK
364904505,added_myself,SOLARLIKE
364908487,added_myself,INSTRUMENT/JUNK
364972101,added_myself,INSTRUMENT/JUNK
365102531,added_myself,ECLIPSE
365107126,added_myself,INSTRUMENT/JUNK
365107192,added_myself,INSTRUMENT/JUNK
365119871,tessv2,RRLYR_CEPH
365297180,tessv2,RRLYR_CEPH
365616668,added_myself,ECLIPSE
365786740,tessv2,RRLYR_CEPH
365881088,added_myself,ECLIPSE
365883118,added_myself,SOLARLIKE
366119193,training_set_em1,DSCT_BCEP
366435346,training_set_em1,DSCT_BCEP
366488066,training_set_em1,GDOR_SPB
366488633,training_set_em1,GDOR_SPB
366489827,training_set_em1,DSCT_BCEP
366490506,training_set_em1,DSCT_BCEP
366516999,training_set_em1,DSCT_BCEP
366518060,training_set_em1,DSCT_BCEP
366560501,training_set_em1,GDOR_SPB
366581060,training_set_em1,DSCT_BCEP
366642024,training_set_em1,DSCT_BCEP
366642080,training_set_em1,GDOR_SPB
366840276,added_myself,ECLIPSE
367034089,added_myself,CONTACT_ROT
367233391,added_myself,SOLARLIKE
367739339,training_set_em1,GDOR_SPB
367753954,training_set_em1,GDOR_SPB
367837386,training_set_em1,GDOR_SPB
367838105,training_set_em1,DSCT_BCEP
367838785,training_set_em1,CONTACT_ROT
367839275,training_set_em1,GDOR_SPB
367856948,added_myself,SOLARLIKE
367857305,training_set_em1,DSCT_BCEP
368040266,tessv2,RRLYR_CEPH
368140054,added_myself,ECLIPSE
368140148,added_myself,INSTRUMENT/JUNK
368192833,added_myself,SOLARLIKE
368194390,added_myself,SOLARLIKE
368194643,added_myself,DSCT_BCEP
368196161,added_myself,SOLARLIKE
368197618,added_myself,CONTACT_ROT
368282918,added_myself,INSTRUMENT/JUNK
369071000,tessv2,RRLYR_CEPH
370055482,tessv2,RRLYR_CEPH
371042887,tessv2,RRLYR_CEPH
371285920,tessv2,RRLYR_CEPH
371614184,added_myself,INSTRUMENT/JUNK
371624914,tessv2,RRLYR_CEPH
371759493,added_myself,INSTRUMENT/JUNK
371759888,tessv2,RRLYR_CEPH
371771521,tessv2,RRLYR_CEPH
371844294,added_myself,CONTACT_ROT
371854656,added_myself,INSTRUMENT/JUNK
372046387,added_myself,INSTRUMENT/JUNK
372086075,added_myself,SOLARLIKE
372242836,added_myself,ECLIPSE
372243528,tessv2,RRLYR_CEPH
372321704,added_myself,INSTRUMENT/JUNK
372365971,added_myself,SOLARLIKE
372366031,added_myself,DSCT_BCEP
373114688,added_myself,DSCT_BCEP
373115147,added_myself,INSTRUMENT/JUNK
373370673,added_myself,DSCT_BCEP
373568421,added_myself,CONTACT_ROT
373675877,added_myself,INSTRUMENT/JUNK
373759512,tessv2,RRLYR_CEPH
373807693,added_myself,DSCT_BCEP
374008482,tessv2,RRLYR_CEPH
376847535,training_set_em1,CONTACT_ROT
376847688,training_set_em1,GDOR_SPB
376848286,added_myself,CONTACT_ROT
376849001,training_set_em1,GDOR_SPB
376867620,training_set_em1,CONTACT_ROT
376867702,training_set_em1,GDOR_SPB
376870932,added_myself,SOLARLIKE
376871054,added_myself,INSTRUMENT/JUNK
376881956,added_myself,INSTRUMENT/JUNK
376882829,added_myself,INSTRUMENT/JUNK
376884098,training_set_em1,GDOR_SPB
376925110,tessv2,RRLYR_CEPH
376926482,added_myself,SOLARLIKE
376930571,training_set_em1,GDOR_SPB
376975737,added_myself,SOLARLIKE
376975811,training_set_em1,DSCT_BCEP
376977473,added_myself,INSTRUMENT/JUNK
376980401,training_set_em1,DSCT_BCEP
376991051,added_myself,SOLARLIKE
376993246,added_myself,ECLIPSE
376993892,training_set_em1,GDOR_SPB
376996651,training_set_em1,DSCT_BCEP
377049136,training_set_em1,DSCT_BCEP
377053663,training_set_em1,DSCT_BCEP
377055126,training_set_em1,DSCT_BCEP
377103023,added_myself,SOLARLIKE
377103181,training_set_em1,GDOR_SPB
377106391,training_set_em1,DSCT_BCEP
377161724,training_set_em1,DSCT_BCEP
377164398,added_myself,INSTRUMENT/JUNK
377197142,training_set_em1,DSCT_BCEP
377251735,training_set_em1,DSCT_BCEP
377251803,training_set_em1,CONTACT_ROT
377255625,training_set_em1,GDOR_SPB
377256570,training_set_em1,GDOR_SPB
377257563,training_set_em1,DSCT_BCEP
377290602,added_myself,SOLARLIKE
377296128,added_myself,INSTRUMENT/JUNK
377304523,training_set_em1,DSCT_BCEP
377304866,added_myself,INSTRUMENT/JUNK
377304934,added_myself,SOLARLIKE
377305899,added_myself,INSTRUMENT/JUNK
377781120,added_myself,INSTRUMENT/JUNK
377781419,tessv1,SOLARLIKE
377781588,added_myself,INSTRUMENT/JUNK
377782421,tessv1,SOLARLIKE
377784436,training_set_em1,GDOR_SPB
377802711,tessv2,RRLYR_CEPH
377912254,tessv1,CONTACT_ROT
377912448,tessv1,CONTACT_ROT
377912476,added_myself,INSTRUMENT/JUNK
377912792,tessv1,APERIODIC
377913054,added_myself,INSTRUMENT/JUNK
377913301,tessv1,DSCT_BCEP
377913350,tessv1,APERIODIC
377913701,tessv1,CONTACT_ROT
377913901,tessv1,APERIODIC
378011702,tessv1,ECLIPSE
378087071,tessv1,ECLIPSE
378089068,tessv1,ECLIPSE
378089826,added_myself,INSTRUMENT/JUNK
378159805,tessv1,SOLARLIKE
378168514,added_myself,SOLARLIKE
378168526,added_myself,INSTRUMENT/JUNK
378265033,added_myself,INSTRUMENT/JUNK
378267039,added_myself,ECLIPSE
378267945,added_myself,INSTRUMENT/JUNK
378275545,added_myself,ECLIPSE
378385406,added_myself,CONTACT_ROT
378386716,added_myself,INSTRUMENT/JUNK
378388921,added_myself,ECLIPSE
378693116,tessv2,RRLYR_CEPH
378695645,added_myself,ECLIPSE
380297289,added_myself,CONTACT_ROT
380303567,added_myself,DSCT_BCEP
380620169,added_myself,CONTACT_ROT
380630783,added_myself,DSCT_BCEP
380632240,added_myself,ECLIPSE
380713698,tessv2,RRLYR_CEPH
380790049,added_myself,CONTACT_ROT
380891161,added_myself,INSTRUMENT/JUNK
381004153,added_myself,INSTRUMENT/JUNK
381198782,added_myself,ECLIPSE
381199402,added_myself,CONTACT_ROT
383621507,training_set_em1,GDOR_SPB
383623314,training_set_em1,GDOR_SPB
383645658,training_set_em1,DSCT_BCEP
383647665,training_set_em1,DSCT_BCEP
383648130,added_myself,SOLARLIKE
383648451,training_set_em1,GDOR_SPB
383672911,added_myself,SOLARLIKE
383673309,training_set_em1,DSCT_BCEP
383673767,training_set_em1,DSCT_BCEP
383674953,training_set_em1,DSCT_BCEP
383752505,tessv1,APERIODIC
383752711,added_myself,INSTRUMENT/JUNK
383752762,tessv1,CONTACT_ROT
386383387,tessv2,RRLYR_CEPH
386465144,tessv2,RRLYR_CEPH
387239028,training_set_em1,GDOR_SPB
387289495,training_set_em1,GDOR_SPB
387327429,added_myself,INSTRUMENT/JUNK
387363386,added_myself,SOLARLIKE
387405323,added_myself,INSTRUMENT/JUNK
387445439,added_myself,SOLARLIKE
387561658,added_myself,INSTRUMENT/JUNK
387581908,added_myself,CONTACT_ROT
387634270,tessv2,RRLYR_CEPH
387943762,added_myself,SOLARLIKE
387945743,added_myself,INSTRUMENT/JUNK
389913624,training_set_em1,DSCT_BCEP
389914002,added_myself,INSTRUMENT/JUNK
389917444,training_set_em1,GDOR_SPB
389961595,training_set_em1,DSCT_BCEP
389968494,training_set_em1,GDOR_SPB
390018832,training_set_em1,GDOR_SPB
390019441,training_set_em1,DSCT_BCEP
390207101,tessv2,RRLYR_CEPH
392536579,training_set_em1,DSCT_BCEP
392537922,training_set_em1,GDOR_SPB
392580588,tessv2,RRLYR_CEPH
392727462,tessv2,RRLYR_CEPH
393827104,tessv2,RRLYR_CEPH
393887283,added_myself,CONTACT_ROT
394030121,training_set_em1,DSCT_BCEP
394089995,training_set_em1,CONTACT_ROT
394118891,training_set_em1,DSCT_BCEP
394119459,training_set_em1,GDOR_SPB
394130562,training_set_em1,GDOR_SPB
394130577,tessv2,RRLYR_CEPH
394132059,added_myself,SOLARLIKE
394132381,added_myself,INSTRUMENT/JUNK
394132674,added_myself,INSTRUMENT/JUNK
394133324,training_set_em1,GDOR_SPB
394169310,training_set_em1,GDOR_SPB
394171009,training_set_em1,DSCT_BCEP
394171921,training_set_em1,DSCT_BCEP
394172386,tessv1,DSCT_BCEP
394172672,tessv1,CONTACT_ROT
394172731,tessv1,SOLARLIKE
394173515,tessv1,SOLARLIKE
394173836,tessv1,APERIODIC
394173840,tessv1,CONTACT_ROT
394174686,tessv1,DSCT_BCEP
394175179,tessv1,DSCT_BCEP
394175777,tessv1,CONTACT_ROT
394175916,tessv1,APERIODIC
394176768,tessv1,APERIODIC
394177355,tessv1,ECLIPSE
394178845,tessv1,CONTACT_ROT
394179202,tessv1,ECLIPSE
394882636,added_myself,ECLIPSE
396841786,added_myself,DSCT_BCEP
396938901,added_myself,SOLARLIKE
397006453,added_myself,INSTRUMENT/JUNK
397009936,added_myself,DSCT_BCEP
399595241,added_myself,DSCT_BCEP
399787721,training_set_em1,DSCT_BCEP
399787737,training_set_em1,DSCT_BCEP
399793780,tessv1,DSCT_BCEP
399794356,added_myself,INSTRUMENT/JUNK
399819666,tessv1,APERIODIC
399819751,tessv1,APERIODIC
399819965,tessv1,GDOR_SPB
399825520,added_myself,INSTRUMENT/JUNK
399826407,tessv1,ECLIPSE
399826900,tessv1,ECLIPSE
399827800,tessv1,SOLARLIKE
399860772,added_myself,INSTRUMENT/JUNK
399860885,tessv1,CONTACT_ROT
399861100,added_myself,INSTRUMENT/JUNK
399861296,tessv1,SOLARLIKE
399866936,added_myself,INSTRUMENT/JUNK
399867067,added_myself,INSTRUMENT/JUNK
399867165,tessv1,SOLARLIKE
399867354,tessv1,CONTACT_ROT
399867404,tessv1,SOLARLIKE
399911554,tessv1,ECLIPSE
399912132,added_myself,INSTRUMENT/JUNK
399912203,tessv1,SOLARLIKE
399914169,added_myself,INSTRUMENT/JUNK
399914272,added_myself,INSTRUMENT/JUNK
399915648,added_myself,INSTRUMENT/JUNK
399950067,tessv1,GDOR_SPB
399952026,tessv1,SOLARLIKE
399953684,added_myself,DSCT_BCEP
399953998,added_myself,INSTRUMENT/JUNK
399954053,tessv1,CONTACT_ROT
399955025,added_myself,CONTACT_ROT
399955376,tessv1,CONTACT_ROT
400148116,tessv2,RRLYR_CEPH
400404334,training_set_em1,DSCT_BCEP
400406164,added_myself,DSCT_BCEP
400407949,training_set_em1,DSCT_BCEP
400430982,training_set_em1,DSCT_BCEP
400431409,added_myself,INSTRUMENT/JUNK
400471878,added_myself,INSTRUMENT/JUNK
400472610,added_myself,SOLARLIKE
402448308,training_set_em1,CONTACT_ROT
402894374,added_myself,SOLARLIKE
402897784,added_myself,SOLARLIKE
403114253,training_set_em1,GDOR_SPB
403114672,training_set_em1,DSCT_BCEP
403183753,tessv2,RRLYR_CEPH
403329360,added_myself,INSTRUMENT/JUNK
403332388,training_set_em1,GDOR_SPB
403332889,training_set_em1,GDOR_SPB
403333082,training_set_em1,DSCT_BCEP
403585075,training_set_em1,GDOR_SPB
403585215,added_myself,INSTRUMENT/JUNK
403589346,training_set_em1,GDOR_SPB
403589530,training_set_em1,GDOR_SPB
403793294,tessv2,RRLYR_CEPH
405683562,tessv1,GDOR_SPB
405683868,tessv1,CONTACT_ROT
405684230,added_myself,SOLARLIKE
405684803,tessv1,CONTACT_ROT
405685900,tessv1,ECLIPSE
405685992,tessv1,ECLIPSE
405688824,tessv1,SOLARLIKE
405689714,added_myself,INSTRUMENT/JUNK
405713833,added_myself,DSCT_BCEP
405717785,tessv1,SOLARLIKE
405718503,tessv1,CONTACT_ROT
405766219,training_set_em1,DSCT_BCEP
405841337,added_myself,SOLARLIKE
405843576,added_myself,SOLARLIKE
405932276,added_myself,INSTRUMENT/JUNK
405932982,added_myself,INSTRUMENT/JUNK
405938581,added_myself,INSTRUMENT/JUNK
406006272,added_myself,SOLARLIKE
406013643,added_myself,INSTRUMENT/JUNK
406086959,added_myself,DSCT_BCEP
406124232,added_myself,INSTRUMENT/JUNK
406134291,added_myself,DSCT_BCEP
406134443,added_myself,INSTRUMENT/JUNK
406139216,added_myself,INSTRUMENT/JUNK
406357540,added_myself,ECLIPSE
406427163,added_myself,DSCT_BCEP
406486510,added_myself,INSTRUMENT/JUNK
406926092,added_myself,CONTACT_ROT
406927322,training_set_em1,GDOR_SPB
406931738,added_myself,INSTRUMENT/JUNK
406947000,training_set_em1,DSCT_BCEP
406947026,added_myself,SOLARLIKE
406948247,tessv1,SOLARLIKE
406948852,tessv1,SOLARLIKE
406948868,tessv1,SOLARLIKE
406949279,added_myself,INSTRUMENT/JUNK
406949718,added_myself,SOLARLIKE
406949986,tessv1,DSCT_BCEP
406950229,tessv1,DSCT_BCEP
406950472,added_myself,INSTRUMENT/JUNK
406950522,added_myself,INSTRUMENT/JUNK
406950716,tessv1,SOLARLIKE
406950933,added_myself,INSTRUMENT/JUNK
406951259,added_myself,INSTRUMENT/JUNK
406951407,tessv1,CONTACT_ROT
406951735,tessv1,GDOR_SPB
406951967,tessv1,APERIODIC
406954475,added_myself,DSCT_BCEP
406998185,added_myself,INSTRUMENT/JUNK
406998284,tessv1,DSCT_BCEP
406998311,tessv1,DSCT_BCEP
406999263,tessv1,CONTACT_ROT
407000096,tessv1,ECLIPSE
407000281,tessv1,DSCT_BCEP
407000291,added_myself,INSTRUMENT/JUNK
407002553,tessv1,CONTACT_ROT
407695484,added_myself,DSCT_BCEP
407782927,added_myself,INSTRUMENT/JUNK
408278528,added_myself,INSTRUMENT/JUNK
408330229,added_myself,CONTACT_ROT
408401873,added_myself,DSCT_BCEP
408409259,added_myself,CONTACT_ROT
408471749,added_myself,SOLARLIKE
408473896,added_myself,INSTRUMENT/JUNK
408536427,added_myself,DSCT_BCEP
408543399,added_myself,INSTRUMENT/JUNK
415030254,added_myself,INSTRUMENT/JUNK
416191150,training_set_em1,GDOR_SPB
416261673,training_set_em1,GDOR_SPB
416263740,tessv1,APERIODIC
416263899,tessv1,DSCT_BCEP
416264169,added_myself,SOLARLIKE
416264790,added_myself,INSTRUMENT/JUNK
416264931,added_myself,INSTRUMENT/JUNK
416265363,tessv1,APERIODIC
416265742,tessv1,DSCT_BCEP
416265930,added_myself,INSTRUMENT/JUNK
416266033,tessv1,GDOR_SPB
416266125,added_myself,INSTRUMENT/JUNK
416266129,added_myself,INSTRUMENT/JUNK
416266641,added_myself,INSTRUMENT/JUNK
416266747,tessv1,DSCT_BCEP
416267527,added_myself,INSTRUMENT/JUNK
416267612,added_myself,INSTRUMENT/JUNK
416267824,added_myself,INSTRUMENT/JUNK
416267838,added_myself,INSTRUMENT/JUNK
416280178,tessv1,ECLIPSE
416280254,tessv1,APERIODIC
416280387,added_myself,INSTRUMENT/JUNK
416280683,tessv1,APERIODIC
416280717,tessv1,CONTACT_ROT
416281813,added_myself,DSCT_BCEP
416281865,added_myself,INSTRUMENT/JUNK
416282643,tessv1,GDOR_SPB
416282685,added_myself,INSTRUMENT/JUNK
416283965,tessv1,GDOR_SPB
416284183,tessv1,CONTACT_ROT
416401395,training_set_em1,DSCT_BCEP
416401558,training_set_em1,GDOR_SPB
416401785,training_set_em1,GDOR_SPB
416402521,training_set_em1,DSCT_BCEP
416402745,training_set_em1,GDOR_SPB
416404269,training_set_em1,CONTACT_ROT
416405552,added_myself,INSTRUMENT/JUNK
416521932,added_myself,INSTRUMENT/JUNK
416523539,added_myself,INSTRUMENT/JUNK
416524164,added_myself,INSTRUMENT/JUNK
416527314,tessv1,SOLARLIKE
416527355,added_myself,INSTRUMENT/JUNK
416527532,tessv1,ECLIPSE
416527806,added_myself,INSTRUMENT/JUNK
416528957,tessv1,CONTACT_ROT
416528982,tessv1,GDOR_SPB
416541828,added_myself,INSTRUMENT/JUNK
416595768,added_myself,SOLARLIKE
416602547,added_myself,INSTRUMENT/JUNK
416630282,added_myself,INSTRUMENT/JUNK
416631916,added_myself,SOLARLIKE
416632538,added_myself,ECLIPSE
416635004,tessv1,ECLIPSE
416635067,added_myself,INSTRUMENT/JUNK
416635892,added_myself,CONTACT_ROT
416642009,added_myself,CONTACT_ROT
416701998,added_myself,DSCT_BCEP
416702984,added_myself,INSTRUMENT/JUNK
416764190,added_myself,DSCT_BCEP
416767694,added_myself,INSTRUMENT/JUNK
416771715,added_myself,INSTRUMENT/JUNK
416774145,added_myself,DSCT_BCEP
416842315,tessv2,RRLYR_CEPH
416863259,added_myself,CONTACT_ROT
416929583,added_myself,DSCT_BCEP
416934627,added_myself,DSCT_BCEP
416968631,added_myself,DSCT_BCEP
416970644,added_myself,SOLARLIKE
416971696,added_myself,SOLARLIKE
416973146,added_myself,SOLARLIKE
417056279,tessv2,RRLYR_CEPH
417202964,added_myself,CONTACT_ROT
417203041,tessv2,RRLYR_CEPH
417267606,added_myself,INSTRUMENT/JUNK
417273852,added_myself,CONTACT_ROT
417423159,tessv2,RRLYR_CEPH
417515518,added_myself,DSCT_BCEP
417655844,tessv1,APERIODIC
417655952,added_myself,INSTRUMENT/JUNK
417656107,added_myself,INSTRUMENT/JUNK
417656717,tessv1,SOLARLIKE
417656883,tessv1,CONTACT_ROT
417656974,tessv1,SOLARLIKE
417657393,added_myself,CONTACT_ROT
417658388,tessv1,CONTACT_ROT
417658451,tessv1,GDOR_SPB
417658526,tessv1,APERIODIC
417658785,added_myself,INSTRUMENT/JUNK
417659628,tessv1,CONTACT_ROT
417659668,added_myself,SOLARLIKE
417660251,tessv1,GDOR_SPB
417660696,tessv1,DSCT_BCEP
417676216,tessv1,CONTACT_ROT
417676310,tessv1,SOLARLIKE
417676658,tessv1,CONTACT_ROT
417676757,tessv1,APERIODIC
417677052,added_myself,INSTRUMENT/JUNK
417678051,tessv1,ECLIPSE
417678743,tessv1,DSCT_BCEP
417678762,added_myself,INSTRUMENT/JUNK
417678817,added_myself,SOLARLIKE
417678896,tessv1,APERIODIC
417699758,training_set_em1,GDOR_SPB
417934569,added_myself,INSTRUMENT/JUNK
417948047,tessv2,RRLYR_CEPH
418445323,added_myself,CONTACT_ROT
418477340,added_myself,SOLARLIKE
418477700,added_myself,CONTACT_ROT
418533424,added_myself,INSTRUMENT/JUNK
418906047,added_myself,CONTACT_ROT
418906073,added_myself,INSTRUMENT/JUNK
418920715,added_myself,CONTACT_ROT
418923457,added_myself,CONTACT_ROT
418923514,added_myself,INSTRUMENT/JUNK
419416985,added_myself,SOLARLIKE
419463559,added_myself,INSTRUMENT/JUNK
419466442,added_myself,DSCT_BCEP
419467646,added_myself,DSCT_BCEP
419470506,added_myself,SOLARLIKE
419477430,added_myself,CONTACT_ROT
419598388,added_myself,CONTACT_ROT
419601638,added_myself,INSTRUMENT/JUNK
419658406,added_myself,CONTACT_ROT
419661848,added_myself,DSCT_BCEP
419803114,added_myself,DSCT_BCEP
419870181,added_myself,DSCT_BCEP
419921689,tessv2,RRLYR_CEPH
420107279,training_set_em1,DSCT_BCEP
420112174,training_set_em1,DSCT_BCEP
420128765,training_set_em1,DSCT_BCEP
420175074,added_myself,INSTRUMENT/JUNK
420899566,training_set_em1,DSCT_BCEP
420899820,added_myself,INSTRUMENT/JUNK
420950922,added_myself,DSCT_BCEP
421174963,added_myself,ECLIPSE
421307009,training_set_em1,GDOR_SPB
421308066,added_myself,CONTACT_ROT
421332380,added_myself,DSCT_BCEP
421334236,added_myself,INSTRUMENT/JUNK
421334449,training_set_em1,GDOR_SPB
421334526,training_set_em1,GDOR_SPB
421336015,added_myself,SOLARLIKE
421370952,training_set_em1,GDOR_SPB
422367434,training_set_em1,GDOR_SPB
422827686,tessv2,RRLYR_CEPH
422990027,training_set_em1,GDOR_SPB
422990219,training_set_em1,GDOR_SPB
423307880,tessv2,RRLYR_CEPH
424388331,training_set_em1,DSCT_BCEP
424438640,training_set_em1,GDOR_SPB
424438731,added_myself,SOLARLIKE
424438735,added_myself,SOLARLIKE
424463349,training_set_em1,DSCT_BCEP
424699687,training_set_em1,DSCT_BCEP
424701226,training_set_em1,CONTACT_ROT
424701617,training_set_em1,DSCT_BCEP
424702688,added_myself,INSTRUMENT/JUNK
424719507,added_myself,SOLARLIKE
424720787,added_myself,SOLARLIKE
424721218,tessv2,RRLYR_CEPH
424813136,added_myself,SOLARLIKE
424814520,added_myself,INSTRUMENT/JUNK
424864132,tessv1,CONTACT_ROT
424864674,tessv1,ECLIPSE
424865272,tessv1,SOLARLIKE
424865446,tessv1,DSCT_BCEP
424866830,tessv1,CONTACT_ROT
424866920,tessv1,SOLARLIKE
424866935,tessv1,CONTACT_ROT
424867039,added_myself,INSTRUMENT/JUNK
424867441,tessv1,SOLARLIKE
424867442,tessv1,GDOR_SPB
424867449,tessv1,CONTACT_ROT
424867660,tessv1,DSCT_BCEP
424867674,tessv1,CONTACT_ROT
424901450,training_set_em1,GDOR_SPB
425711898,tessv2,RRLYR_CEPH
426803478,added_myself,INSTRUMENT/JUNK
426982556,added_myself,ECLIPSE
427294565,added_myself,INSTRUMENT/JUNK
427750089,added_myself,DSCT_BCEP
427812105,added_myself,DSCT_BCEP
427822090,added_myself,DSCT_BCEP
427919153,added_myself,DSCT_BCEP
427986976,added_myself,SOLARLIKE
428629353,added_myself,DSCT_BCEP
428629577,added_myself,DSCT_BCEP
428630095,added_myself,DSCT_BCEP
429038120,added_myself,CONTACT_ROT
429044165,added_myself,SOLARLIKE
429045217,added_myself,DSCT_BCEP
429259238,added_myself,INSTRUMENT/JUNK
429469081,added_myself,ECLIPSE
429469402,added_myself,CONTACT_ROT
429608609,tessv2,RRLYR_CEPH
429685618,tessv2,RRLYR_CEPH
429692485,tessv2,RRLYR_CEPH
429760154,tessv2,RRLYR_CEPH
429893024,added_myself,CONTACT_ROT
430488710,added_myself,ECLIPSE
430489695,added_myself,CONTACT_ROT
430856566,added_myself,INSTRUMENT/JUNK
430856875,added_myself,INSTRUMENT/JUNK
435779099,tessv2,RRLYR_CEPH
435967110,tessv2,RRLYR_CEPH
436005512,added_myself,ECLIPSE
436090735,added_myself,DSCT_BCEP
436147682,added_myself,ECLIPSE
436163481,added_myself,INSTRUMENT/JUNK
436167715,added_myself,INSTRUMENT/JUNK
436285539,added_myself,INSTRUMENT/JUNK
436294748,added_myself,DSCT_BCEP
436310300,added_myself,DSCT_BCEP
436357086,added_myself,DSCT_BCEP
436414432,added_myself,DSCT_BCEP
441584047,tessv2,RRLYR_CEPH
441619744,tessv2,RRLYR_CEPH
441638523,added_myself,INSTRUMENT/JUNK
441642883,added_myself,INSTRUMENT/JUNK
441663334,tessv2,RRLYR_CEPH
441663374,added_myself,INSTRUMENT/JUNK
441697005,added_myself,SOLARLIKE
441702942,added_myself,INSTRUMENT/JUNK
441715008,training_set_em1,CONTACT_ROT
441720170,training_set_em1,GDOR_SPB
441721258,training_set_em1,GDOR_SPB
441722442,added_myself,INSTRUMENT/JUNK
441723854,training_set_em1,GDOR_SPB
441725458,added_myself,INSTRUMENT/JUNK
441729162,training_set_em1,DSCT_BCEP
441729490,added_myself,SOLARLIKE
441736741,added_myself,INSTRUMENT/JUNK
441737180,training_set_em1,DSCT_BCEP
441738064,training_set_em1,GDOR_SPB
441740725,training_set_em1,GDOR_SPB
441741627,training_set_em1,DSCT_BCEP
441762590,training_set_em1,DSCT_BCEP
441764174,training_set_em1,GDOR_SPB
441765083,training_set_em1,DSCT_BCEP
441765782,added_myself,INSTRUMENT/JUNK
441765957,training_set_em1,GDOR_SPB
441766562,added_myself,INSTRUMENT/JUNK
441767305,added_myself,SOLARLIKE
441767715,training_set_em1,GDOR_SPB
441768182,training_set_em1,GDOR_SPB
441788616,training_set_em1,GDOR_SPB
441791481,training_set_em1,DSCT_BCEP
441791928,training_set_em1,CONTACT_ROT
441799794,training_set_em1,DSCT_BCEP
441800239,training_set_em1,DSCT_BCEP
441800962,training_set_em1,GDOR_SPB
441803667,training_set_em1,GDOR_SPB
441806297,added_myself,CONTACT_ROT
441807292,training_set_em1,DSCT_BCEP
441807456,training_set_em1,GDOR_SPB
441807493,added_myself,SOLARLIKE
441807753,training_set_em1,GDOR_SPB
441811658,training_set_em1,GDOR_SPB
441812800,training_set_em1,GDOR_SPB
444046284,added_myself,INSTRUMENT/JUNK
445837290,tessv2,RRLYR_CEPH
445857421,added_myself,INSTRUMENT/JUNK
445858207,added_myself,INSTRUMENT/JUNK
452598072,added_myself,DSCT_BCEP
452600544,added_myself,SOLARLIKE
452620529,added_myself,SOLARLIKE
452636420,added_myself,SOLARLIKE
452637782,added_myself,DSCT_BCEP
452654170,added_myself,INSTRUMENT/JUNK
452658934,added_myself,SOLARLIKE
452661287,added_myself,SOLARLIKE
452719239,added_myself,INSTRUMENT/JUNK
452738850,added_myself,INSTRUMENT/JUNK
452740729,added_myself,SOLARLIKE
452755312,added_myself,INSTRUMENT/JUNK
455550540,added_myself,CONTACT_ROT
458459903,added_myself,INSTRUMENT/JUNK
458461293,added_myself,ECLIPSE
458479693,added_myself,SOLARLIKE
458482873,tessv2,RRLYR_CEPH
459217579,added_myself,INSTRUMENT/JUNK
459220212,added_myself,INSTRUMENT/JUNK
459244101,added_myself,SOLARLIKE
459968925,added_myself,SOLARLIKE
459969779,tessv2,RRLYR_CEPH
459978134,added_myself,SOLARLIKE
459979378,added_myself,INSTRUMENT/JUNK
459980432,training_set_em1,DSCT_BCEP
459981005,added_myself,SOLARLIKE
459981806,training_set_em1,DSCT_BCEP
459985648,added_myself,INSTRUMENT/JUNK
462548748,added_myself,SOLARLIKE
462552166,tessv2,RRLYR_CEPH
462554728,training_set_em1,GDOR_SPB
462575057,training_set_em1,GDOR_SPB
462575611,training_set_em1,GDOR_SPB
462575745,added_myself,INSTRUMENT/JUNK
462615949,added_myself,SOLARLIKE
462637342,training_set_em1,GDOR_SPB
467177475,tessv2,RRLYR_CEPH
467181625,training_set_em1,DSCT_BCEP
467181837,training_set_em1,CONTACT_ROT
467183239,training_set_em1,CONTACT_ROT
467215791,added_myself,DSCT_BCEP
467268796,added_myself,DSCT_BCEP
467293602,added_myself,SOLARLIKE
468383346,added_myself,INSTRUMENT/JUNK
468447444,added_myself,DSCT_BCEP
468475671,added_myself,INSTRUMENT/JUNK
468618006,added_myself,INSTRUMENT/JUNK
468622946,added_myself,DSCT_BCEP
468647292,added_myself,INSTRUMENT/JUNK
470127249,tessv2,RRLYR_CEPH
1001554640,added_myself,CONTACT_ROT
1102648824,added_myself,CONTACT_ROT
1271077945,training_set_em1,DSCT_BCEP
1400775251,added_myself,DSCT_BCEP
1551205583,training_set_em1,DSCT_BCEP
1717504032,training_set_em1,DSCT_BCEP
1718052929,training_set_em1,DSCT_BCEP
1880756162,added_myself,SOLARLIKE
1880920933,added_myself,SOLARLIKE
1881373200,added_myself,SOLARLIKE
1881373211,added_myself,SOLARLIKE
1881503401,added_myself,SOLARLIKE
1882846903,added_myself,SOLARLIKE
1883011688,added_myself,INSTRUMENT/JUNK
1883417862,added_myself,DSCT_BCEP
1884302997,added_myself,DSCT_BCEP
1951020547,added_myself,INSTRUMENT/JUNK
1951939433,added_myself,SOLARLIKE
1952950223,added_myself,INSTRUMENT/JUNK
1954659681,added_myself,DSCT_BCEP
1956498830,added_myself,DSCT_BCEP
1957909280,added_myself,CONTACT_ROT
1961245920,added_myself,CONTACT_ROT
1964200768,added_myself,INSTRUMENT/JUNK
1964494219,added_myself,INSTRUMENT/JUNK
1964852832,added_myself,ECLIPSE
1965101459,tessv2,RRLYR_CEPH
1966449010,added_myself,CONTACT_ROT
1966591164,added_myself,ECLIPSE
1968633262,added_myself,DSCT_BCEP
1968895892,added_myself,CONTACT_ROT
1968903312,added_myself,CONTACT_ROT
1970698792,added_myself,INSTRUMENT/JUNK
1971196376,added_myself,DSCT_BCEP
1971788096,added_myself,INSTRUMENT/JUNK
1972570355,added_myself,SOLARLIKE
1974764681,added_myself,DSCT_BCEP
1979100530,added_myself,INSTRUMENT/JUNK
1981303680,training_set_em1,GDOR_SPB
2003043499,added_myself,DSCT_BCEP
2003300110,added_myself,SOLARLIKE
